system:index,total_precipitation_sum
20030101,0.011385307979678457
20030102,0.0010573326565583695
20030103,0.003590664563715894
20030104,0.016078885992447133
20030105,0.0020297166739917986
20030106,0.010360900012501556
20030107,0.010527685753771778
20030108,0.00797784964461766
20030109,9.406856641081447E-4
20030110,0.006094762329074111
20030111,0.0010528708058845635
20030112,4.923339092955865E-4
20030113,8.072129345499188E-4
20030114,0.002070486521883903
20030115,0.002958775826594011
20030116,0.005741229480561923
20030117,0.005766027339108878
20030118,0.011461989283209753
20030119,0.009881571335962173
20030120,0.01291660995629762
20030121,0.0064869130815865365
20030122,0.01117749026494602
20030123,0.009315898821581948
20030124,0.014865679770518055
20030125,0.006105427580893231
20030126,0.010316340708288688
20030127,0.015356358250570707
20030128,0.0024100939232744706
20030129,0.004540691939848222
20030130,0.005593924815271226
20030131,0.0043595612027931335
20030201,0.002225693253057087
20030202,0.02095378536700832
20030203,0.0036005446354022913
20030204,0.009636878954545326
20030205,0.004751530172639064
20030206,0.016168533648004853
20030207,0.013233532939379506
20030208,0.005459624691835338
20030209,0.004669892893615741
20030210,0.008928934421435039
20030211,2.6615354519415708E-5
20030212,0.0010887127098392244
20030213,0.004361540220365971
20030214,0.0010204767219373853
20030215,0.0018765140092362575
20030216,0.0013727869879186913
20030217,0.002288218815489087
20030218,0.001723900587676073
20030219,0.0040352382783887105
20030220,0.014279424114648756
20030221,0.0025513504304964436
20030222,0.0031292070093681575
20030223,0.012765320667749769
20030224,0.001946783128168942
20030225,0.0019183215791464068
20030226,0.002963313622580839
20030227,0.005203385040798888
20030228,0.013609589949130894
20030301,0.005744270265487978
20030302,0.004356733128974664
20030303,0.019554386594536
20030304,0.018657314586238608
20030305,0.012475201440874625
20030306,0.016614091852463812
20030307,0.0097596756504112
20030308,0.0013246573705177674
20030309,0.004490770580357356
20030310,0.003804950789984371
20030311,0.0034406753296181113
20030312,0.0010915556984759883
20030313,0.004134321450377435
20030314,0.005666841143460805
20030315,0.012177754727191126
20030316,0.0015564194987269617
20030317,4.2555867098070517E-4
20030318,0.018695251539518586
20030319,0.021430463644370804
20030320,0.009894441011702509
20030321,0.017721950389024334
20030322,0.006220402262410703
20030323,0.002202110926801092
20030324,0.0024713988706746063
20030325,0.008245340337931483
20030326,0.005281872333257184
20030327,0.021439940400980007
20030328,0.02985676808411647
20030329,0.004101551189517743
20030330,0.002397627221226431
20030331,0.0013921552151624694
20030401,0.0015018990269681275
20030402,0.0036422974677924372
20030403,0.003528646885573505
20030404,0.0017029196133634082
20030405,0.004662198236305276
20030406,0.003531300454596034
20030407,5.754052521113838E-4
20030408,0.0011381218679988301
20030409,6.52365620482682E-4
20030410,4.766324450384164E-4
20030411,7.639806877952559E-4
20030412,7.625010399993821E-4
20030413,8.474596370983172E-4
20030414,0.001708870018536197
20030415,0.003242091076433002
20030416,0.004999529149293632
20030417,0.005673132977380621
20030418,0.0016919815149706522
20030419,2.1531833805591108E-4
20030420,8.909377629950455E-4
20030421,0.004828827002051139
20030422,0.0016766449454651672
20030423,0.0026829273993137196
20030424,0.013281474816749402
20030425,0.002117335671957363
20030426,0.0020936949545383846
20030427,0.00325907443758994
20030428,0.002463190114504222
20030429,0.006220356231911211
20030430,0.04320250776843981
20030501,0.01684997782660565
20030502,0.013594212517141
20030503,0.00891613133755084
20030504,0.02234725726852358
20030505,0.012195574449499563
20030506,0.009047605304525738
20030507,0.006548490759449395
20030508,0.00842766303475038
20030509,0.014431928584053887
20030510,0.024533600959883228
20030511,0.009605810816831217
20030512,0.014027609959605428
20030513,0.018878017077841504
20030514,0.011543351611654293
20030515,0.017264962318677336
20030516,0.02232615150012035
20030517,0.11833747206659215
20030518,0.0029975352551070158
20030519,0.0017401905945351956
20030520,0.02631714915338443
20030521,0.0049322588305622354
20030522,0.0038923000155031105
20030523,0.009055944304970134
20030524,0.006135197268522807
20030525,0.0012305074463368321
20030526,6.425033406026613E-4
20030527,6.119281295587377E-4
20030528,0.0011301251758410466
20030529,8.847954067237856E-4
20030530,0.0013377603702205785
20030531,0.0024977401172368748
20030601,0.0029008697301506196
20030602,0.0028022822398001807
20030603,0.001593252026886368
20030604,0.002340744216150863
20030605,0.002698581023032589
20030606,0.0036437374008678612
20030607,0.0028675292087672667
20030608,0.005873878238283769
20030609,0.01608838238349207
20030610,0.011191752603154831
20030611,0.01348194906567176
20030612,0.01062918207691859
20030613,0.006507028702224127
20030614,0.005758412149364434
20030615,0.0010157835789515901
20030616,0.025600900146679366
20030617,0.007719149606355248
20030618,0.0097280572315897
20030619,0.005826183829399282
20030620,0.015888090966304905
20030621,0.009124302426880376
20030622,0.03142213591509845
20030623,0.017731186798160572
20030624,0.009815113023004205
20030625,0.014275069439569625
20030626,0.010734863911172988
20030627,0.02674964572641917
20030628,0.024017315900791827
20030629,0.010820381505078613
20030630,0.009073690234066116
20030701,0.009559186053092101
20030702,0.026271848384260405
20030703,0.01600267766432088
20030704,0.01593216638208575
20030705,0.009366363644613719
20030706,0.030861199302425514
20030707,0.03280119465803694
20030708,0.025751269821667134
20030709,0.021269521920269735
20030710,0.00434459644925623
20030711,0.011584971589697606
20030712,0.019865567387609147
20030713,0.0028911394697001182
20030714,0.00927424507359681
20030715,0.014576636688536967
20030716,0.00328010520544776
20030717,0.004575848587473287
20030718,0.016713177372983192
20030719,0.009082641409623405
20030720,0.00424680466505175
20030721,0.00539632598040528
20030722,0.002724560617751751
20030723,0.016067887323398884
20030724,0.021156804590713535
20030725,0.015225097641274655
20030726,0.019206095455783775
20030727,0.006412897181364597
20030728,8.880626252007045E-4
20030729,0.006171647254797226
20030730,0.019059525815933186
20030731,0.0027684492457380923
20030801,0.008411612972554357
20030802,0.011043296388528731
20030803,0.00682240344867482
20030804,0.003111696666073717
20030805,7.966866764673894E-4
20030806,0.004676728890541487
20030807,0.017798879840187472
20030808,0.005511742119140378
20030809,0.004889611941488077
20030810,0.011078395520387934
20030811,0.013039890906322576
20030812,0.013214979067927665
20030813,0.026854604048597044
20030814,0.012108815487643804
20030815,0.020315128809408722
20030816,0.022500544690573197
20030817,0.014915481334037518
20030818,0.02352409817862953
20030819,0.032656053126706615
20030820,0.009302029463686374
20030821,0.0036603887946152595
20030822,0.001525346653339974
20030823,0.011363531659207357
20030824,0.0031348226851073916
20030825,0.008427264734586918
20030826,0.005967545117726003
20030827,0.021718747635873132
20030828,0.010158951288830525
20030829,0.007063403656014365
20030830,0.0031383917430892992
20030831,0.0025712845153948206
20030901,0.012212192311709093
20030902,0.002596833207930155
20030903,0.009500695095412444
20030904,0.007240508693278287
20030905,8.383285109559823E-4
20030906,0.0013356881938939738
20030907,0.008134598365508353
20030908,0.0038492548330675454
20030909,0.002203957885895057
20030910,0.014119923416828132
20030911,0.006948262654756788
20030912,0.015095812812050264
20030913,0.011839613731147142
20030914,0.0029369259916050224
20030915,0.004192594680873825
20030916,0.016024586920778003
20030917,0.02989727680316497
20030918,0.009039967239137785
20030919,0.006600813585940181
20030920,0.013878486025789484
20030921,0.010368249173673797
20030922,0.01320846167341729
20030923,0.005180950566127128
20030924,0.01322285976379008
20030925,0.010298738008266759
20030926,0.007944486040073707
20030927,0.008931381504563343
20030928,0.006812851037531949
20030929,0.010568169877332827
20030930,0.016419041584788508
20031001,0.006721585982933156
20031002,0.0065921462626345306
20031003,0.030154025987857158
20031004,0.021490810168654093
20031005,0.012688273542926447
20031006,0.002975515368745766
20031007,0.00387738348014116
20031008,0.017338856065226567
20031009,0.005625398797766383
20031010,0.012422447615109786
20031011,0.01130428075965688
20031012,0.018603346856920555
20031013,0.009237522763542512
20031014,0.04072958274132252
20031015,0.01740059035371248
20031016,0.010504346302052036
20031017,0.01061661905185444
20031018,0.012174727872141921
20031019,0.007206802883356044
20031020,0.005022910790608438
20031021,0.0039860524704702985
20031022,0.005338284275314554
20031023,0.022263498317928974
20031024,0.019849956191813806
20031025,0.015273051867920632
20031026,0.016009566984745097
20031027,0.009447460324722037
20031028,0.0034334421178098904
20031029,0.003467913932065236
20031030,0.00881330529883537
20031031,0.007730774942545476
20031101,0.0037844652581241903
20031102,0.0069386872536540715
20031103,0.011474561238587741
20031104,0.0062850548788827105
20031105,0.009420212009253906
20031106,0.012053440609583296
20031107,0.015435308285273147
20031108,0.016408531276467898
20031109,0.006954990411684288
20031110,0.022597746534211073
20031111,0.006684677947204721
20031112,0.006463979954590123
20031113,0.01220762490540495
20031114,0.004246339623628775
20031115,0.006814704413494581
20031116,0.011177697500498369
20031117,0.003961295646900663
20031118,0.0012489569101051708
20031119,0.002624537929425942
20031120,0.0022821453619515015
20031121,0.004152712910739818
20031122,0.003026826813512183
20031123,0.0022984049905519846
20031124,0.002793481538510416
20031125,0.005101637254488295
20031126,0.0017585436404426676
20031127,7.609047623365297E-5
20031128,2.3227095803642625E-6
20031129,1.019556518159539E-5
20031130,4.092580550893407E-4
20031201,0.0028556084171052548
20031202,0.004219811667334359
20031203,0.0012768835313117536
20031204,0.0011030053266475738
20031205,0.007555091509310927
20031206,0.0035497451897235025
20031207,0.01750473373785137
20031208,0.0013815829368948181
20031209,0.01387907905630142
20031210,0.005002314233320927
20031211,0.014648473767110329
20031212,0.008935895713801281
20031213,0.020923241651858403
20031214,0.025503570026221573
20031215,0.006905489210007944
20031216,0.03570415624032973
20031217,0.020659866086832273
20031218,0.021391389171742034
20031219,0.021266476413969917
20031220,0.06455233386107376
20031221,0.016266184838741038
20031222,0.004434866875546467
20031223,0.0031380819515371815
20031224,0.008503370627974708
20031225,0.002222254679268257
20031226,2.2451963990227527E-4
20031227,0.012415852182218074
20031228,0.0037609936733114836
20031229,0.010626586443721116
20031230,0.006618414574800919
20031231,0.002155547135128251
20040101,0.006110009665473725
20040102,0.005226882173615883
20040103,9.578352709925395E-4
20040104,0.009139497660555726
20040105,0.004005295913527359
20040106,0.002527137481284951
20040107,0.0018576063089534567
20040108,0.0013910503153861525
20040109,7.113906906305712E-4
20040110,0.003259066445298631
20040111,0.0025974132331683096
20040112,0.0012700484754633405
20040113,0.0031545301036146026
20040114,0.0034055045792666994
20040115,4.996577384781245E-4
20040116,0.0013469585386992884
20040117,0.006260269537444195
20040118,0.003747247045079937
20040119,0.0024562294783908064
20040120,0.002498557818763312
20040121,0.016274404665224364
20040122,0.009178881009839985
20040123,0.01266873669236973
20040124,0.007307101370079147
20040125,0.023339066177183235
20040126,0.0020900714827572484
20040127,0.013877050928418597
20040128,0.010648075412167002
20040129,0.001526135860643439
20040130,0.0012742119838139447
20040131,0.018502413498832308
20040201,0.003929498859987967
20040202,0.001418771716988969
20040203,0.001362319467455949
20040204,0.0017878782863101925
20040205,0.0028255842550947165
20040206,0.0073119874400576265
20040207,0.002976910442714006
20040208,0.0031703132738450782
20040209,0.010159998670012904
20040210,0.020121849429604582
20040211,0.03168084434723036
20040212,0.018551294746084853
20040213,0.00920562104288407
20040214,0.0010751953318288445
20040215,4.939680449663956E-4
20040216,0.0010031613143651143
20040217,0.001810037290032899
20040218,0.003096597939434206
20040219,0.0016244247486416202
20040220,0.00668211568694132
20040221,0.011115392429465139
20040222,0.00685193329784584
20040223,0.00878665616832603
20040224,0.010681682524533779
20040225,0.011192762654896334
20040226,0.01101845985967569
20040227,0.006026020450252026
20040228,0.002645437289541989
20040229,0.0036800434078308013
20040301,0.001520308149127509
20040302,0.001439418791708937
20040303,0.0028465521417716405
20040304,0.0020935946738700685
20040305,0.025044160355312116
20040306,0.006497496492123858
20040307,0.00911018803965337
20040308,9.938144022281431E-4
20040309,0.0016168713101632072
20040310,0.003576075524348003
20040311,0.0024736241620355363
20040312,0.0019477870808582024
20040313,0.001873145514429071
20040314,0.0022871388692090517
20040315,0.003845163341032153
20040316,0.0030983130570930643
20040317,0.00249584763224315
20040318,0.008240757477515005
20040319,0.0018570412165988938
20040320,0.007807358838708634
20040321,0.009180638935335632
20040322,0.005356812635546779
20040323,0.009062788234818547
20040324,0.008938735181150974
20040325,0.008640099913959757
20040326,0.014518031241272936
20040327,0.0037415680996080373
20040328,0.009948641008457026
20040329,0.00362701576498966
20040330,0.002124660195924047
20040331,0.0024360571610226177
20040401,0.0017831878300177762
20040402,5.991236547555108E-4
20040403,7.994326121068507E-4
20040404,0.0011235276678739636
20040405,0.0036334175998343683
20040406,0.00507736041639071
20040407,0.0024913079596546152
20040408,5.027777003511579E-4
20040409,0.0030295898556972063
20040410,0.00123169919146084
20040411,4.5312015353540285E-6
20040412,3.207188442556708E-4
20040413,2.638679132770683E-4
20040414,0.002280290706628186
20040415,0.004120018279317788
20040416,0.0013858661961967799
20040417,0.003093516441015472
20040418,0.009885849697650554
20040419,0.0062071822558615935
20040420,0.007614904555256284
20040421,0.0016488559427211588
20040422,1.4722987091767145E-4
20040423,0.0016605522856484522
20040424,0.0014896416076332166
20040425,0.0012953040331201101
20040426,0.015110117747018925
20040427,0.011574570774581034
20040428,0.01674823514128496
20040429,0.019856237368970343
20040430,0.009375724849963745
20040501,0.005026281520177852
20040502,0.011224914956954653
20040503,0.004308456237809647
20040504,0.009258045310543554
20040505,0.004880634272572559
20040506,0.013854709613957805
20040507,0.021669208025224724
20040508,0.02836981556835061
20040509,0.03136260712532536
20040510,0.017956149623803895
20040511,0.05857345474671444
20040512,0.004103111002462951
20040513,0.0018839578308322532
20040514,0.0029380611733533335
20040515,0.00485688909858584
20040516,0.005719837295869774
20040517,0.002902293880312079
20040518,0.0032341998903900795
20040519,0.014547225851134363
20040520,0.002120269904131896
20040521,0.0076419250176018765
20040522,0.003641295989052145
20040523,0.00799177946882742
20040524,0.007617694117600379
20040525,0.011187330533525759
20040526,0.00688839040059815
20040527,0.002108302268234897
20040528,0.005833382910157363
20040529,0.007173055785271023
20040530,0.01946303494470805
20040531,0.04018620906009968
20040601,0.024446022972838696
20040602,0.019769875759625095
20040603,0.02155234533651827
20040604,0.016723569365660832
20040605,0.0023174719271364386
20040606,0.006381037823158743
20040607,0.01902419040290195
20040608,0.011504846289961509
20040609,0.005647283719711621
20040610,0.01709436867349318
20040611,0.01173846327334884
20040612,0.0025007746099243717
20040613,0.007350262319274599
20040614,0.0064475352537927185
20040615,0.009870001655400397
20040616,0.009857154745287812
20040617,0.006729578968498292
20040618,0.012932721953475796
20040619,0.008928109353905192
20040620,0.0010089802287338062
20040621,0.005142321078746955
20040622,0.011158496318820842
20040623,0.007957018842165374
20040624,0.0010951623157888976
20040625,2.4582275133101225E-4
20040626,5.668117675551013E-4
20040627,0.002066757102717268
20040628,0.0026446990263152715
20040629,0.0029131065909739984
20040630,9.362220894374733E-4
20040701,0.0019919977312407343
20040702,0.003604664947086173
20040703,0.006732652302945945
20040704,0.0029175534857850227
20040705,0.019886841794149516
20040706,0.004994242675682434
20040707,0.0032587143783787713
20040708,0.014721708811305544
20040709,0.01463855558924042
20040710,0.022751536537413675
20040711,0.022718644155925213
20040712,0.0242630807496161
20040713,0.014611169103048457
20040714,0.030285832040035994
20040715,0.028296675358074508
20040716,0.018459558688395022
20040717,0.013840393477441055
20040718,0.026466434833198205
20040719,0.02101370309299756
20040720,0.009626023805739894
20040721,0.0020901271906811282
20040722,0.020631219414201304
20040723,0.015000866559033143
20040724,0.014382487873352171
20040725,0.021575760859747113
20040726,0.02371593005686733
20040727,0.007701657016019443
20040728,0.008110159121979679
20040729,0.016709277660951337
20040730,0.015713102090547496
20040731,0.01297370880581462
20040801,0.013902058562965723
20040802,0.0119330089841949
20040803,0.01623405270402536
20040804,0.0014794446862706956
20040805,0.0035052345050333804
20040806,0.008112674020816902
20040807,5.949819040567295E-4
20040808,0.0018951912442251911
20040809,0.0017135623934384
20040810,0.0022242213323231536
20040811,0.0015063039541668055
20040812,0.002747841333007344
20040813,0.0014423246436030062
20040814,0.001516597327033793
20040815,0.0035886705720741875
20040816,0.0013513594266312823
20040817,0.003292803337712231
20040818,0.008412181039229286
20040819,0.008502398177869987
20040820,0.01576422594944928
20040821,4.0000005031024335E-4
20040822,0.0015818075383545874
20040823,0.0015358536924227721
20040824,0.001567911755663621
20040825,0.002062021491357801
20040826,0.0036800738808251436
20040827,0.0017814907849347797
20040828,0.0010737046181087048
20040829,0.005597607638638053
20040830,0.0075612569898395625
20040831,0.001073572469710461
20040901,0.005158847090241911
20040902,0.009873542763333819
20040903,0.011112388739013532
20040904,0.0058819205497320105
20040905,0.02122328069101576
20040906,0.010826224501859385
20040907,0.026326508299012213
20040908,0.01201283669242619
20040909,0.005673024937155625
20040910,0.027415001357079274
20040911,0.024254080666163438
20040912,0.012652705797830751
20040913,0.005517516667842023
20040914,0.008207688303795268
20040915,0.03586891709883096
20040916,0.021696295797095828
20040917,0.011523353388039842
20040918,0.013980408824465598
20040919,0.006252078584370846
20040920,0.0052834672160843865
20040921,0.014416764078383947
20040922,0.008592732407846563
20040923,0.009014918095354634
20040924,0.01716164533396056
20040925,0.006554566997723415
20040926,0.028683743540819585
20040927,0.012396359544057793
20040928,0.021070320884552508
20040929,0.004772920425146255
20040930,0.021038447119352398
20041001,0.008353700361576155
20041002,0.012978042599464962
20041003,0.0032659258414724237
20041004,0.014449627574136887
20041005,0.022347437336556288
20041006,0.0016111414674591733
20041007,0.004356294905896776
20041008,0.0013190755157798351
20041009,0.003024771370140121
20041010,0.0016830965322544931
20041011,0.0014232452383929198
20041012,0.0016045824373265983
20041013,0.0048599074543076055
20041014,0.00656517612589172
20041015,0.004581495921456662
20041016,0.010504876480886662
20041017,0.012526013392812117
20041018,0.015311028802890054
20041019,0.0018946639927998569
20041020,6.456384952234114E-4
20041021,0.0025205905355938103
20041022,0.00723588134009916
20041023,0.006064041892174385
20041024,0.003351663459004803
20041025,0.0018952532694130715
20041026,0.003236862441611205
20041027,0.0049342911219115064
20041028,0.0066085605806883874
20041029,0.01466482512650061
20041030,0.010378258797001199
20041031,0.008901744137542687
20041101,0.010001078311927059
20041102,0.012098218475934371
20041103,0.001592456984029811
20041104,0.0013359293599687918
20041105,0.00195480280587318
20041106,0.003521743178035074
20041107,0.007677429775136282
20041108,0.003902720313153724
20041109,0.006545251434777805
20041110,0.002997266530519783
20041111,0.0030881143251487763
20041112,0.00234133284237641
20041113,0.009646963758170856
20041114,9.579833755844823E-4
20041115,2.903527549774347E-4
20041116,5.862292864759678E-4
20041117,4.644344990752148E-4
20041118,0.0012862105465989324
20041119,8.20202964412408E-4
20041120,0.0018419301845216814
20041121,0.001356785363694568
20041122,0.004575660452585736
20041123,0.002591551237227483
20041124,0.006386961634632085
20041125,0.00892922384037183
20041126,0.019294096037437182
20041127,0.0024345914809745187
20041128,3.746437833549003E-4
20041129,0.0013394614471071253
20041130,0.009972698670730447
20041201,0.004689115876127767
20041202,0.01431572263794488
20041203,0.01604497220489752
20041204,0.011862529199202753
20041205,0.0018392683411891006
20041206,0.006454585248972926
20041207,0.0068219430132716655
20041208,0.014518403154858677
20041209,0.005557821364616892
20041210,0.002366019553222664
20041211,0.0015902035912146474
20041212,0.004087351778129314
20041213,0.01232194849053186
20041214,0.005900559813048225
20041215,0.007587057196409809
20041216,0.0038643438223696694
20041217,0.0020827670199844504
20041218,0.0021746243519323986
20041219,0.004643746218550844
20041220,0.001806678547145394
20041221,7.472397341760013E-4
20041222,0.006672083458817901
20041223,0.011799412697358147
20041224,0.0076626590584071876
20041225,0.01641684333774849
20041226,0.005193708278966235
20041227,0.0025230597932381794
20041228,0.00659687976518968
20041229,0.007267287087220591
20041230,0.012394271344937225
20041231,0.003541872213978873
20050101,0.028886626092270943
20050102,0.012951081940123453
20050103,0.013529109656780808
20050104,0.014636743408522529
20050105,0.002320205213403304
20050106,0.0024381930709214427
20050107,0.0035713345322072724
20050108,0.009020645428687895
20050109,0.00607320639972709
20050110,0.0010747866361883055
20050111,0.01931969004750607
20050112,6.294073724347942E-4
20050113,6.804845561808317E-4
20050114,8.22387659161219E-6
20050115,5.749771773847656E-5
20050116,0.0012027174948842005
20050117,8.214275612272876E-4
20050118,0.002765601548199469
20050119,0.003990579894929573
20050120,6.901896583961577E-4
20050121,0.00130022180740822
20050122,0.001441636397124779
20050123,0.008003069200670858
20050124,0.029078105979887355
20050125,0.007199402300788073
20050126,0.006722395979763465
20050127,0.002389889035244005
20050128,0.003424021696240844
20050129,0.00517137171857844
20050130,0.007156788198396733
20050131,0.004174479036077728
20050201,0.005010597269338421
20050202,0.0034028483743580745
20050203,7.79053764721346E-4
20050204,0.0031025275335773324
20050205,9.063770470417372E-4
20050206,0.0013555571506806915
20050207,0.001904069459615402
20050208,7.512058441000814E-4
20050209,5.904073843566591E-4
20050210,5.850783944602306E-4
20050211,9.054951624876929E-4
20050212,8.324647711550994E-4
20050213,0.001463989895345925
20050214,0.0013301287266008625
20050215,0.002140599417088758
20050216,0.0014416514669690905
20050217,0.0029066549767822643
20050218,0.012396066921990767
20050219,0.00372802586343801
20050220,9.768855560780523E-4
20050221,6.796941739451656E-4
20050222,0.0015499013809516771
20050223,8.127835311462727E-4
20050224,0.0035296639249496405
20050225,0.0015771339311175102
20050226,1.1241544370642212E-4
20050227,9.206400266558893E-5
20050228,2.2326149004732934E-4
20050301,1.66795361044675E-4
20050302,6.926162587756858E-4
20050303,4.663068938112398E-4
20050304,0.0016131795386017038
20050305,2.067168849863068E-5
20050306,0.008582553313971465
20050307,0.023793672430332403
20050308,0.0017100108923492514
20050309,0.010790532343716401
20050310,0.0033425146755951592
20050311,0.0014282144639840345
20050312,0.01284699298437924
20050313,0.001382952486218366
20050314,4.3803717889116204E-4
20050315,0.0027179780419690856
20050316,0.0019028280681787333
20050317,0.010161640760718906
20050318,0.0025362660543815675
20050319,0.001369744408016088
20050320,0.02693030985914852
20050321,0.024025610233888144
20050322,0.008167393482926832
20050323,0.006693458747208005
20050324,0.004182614720243195
20050325,0.0061596766429449406
20050326,0.004045041311110219
20050327,0.013846755766242193
20050328,0.002034575233911729
20050329,0.0023054834207767187
20050330,0.0016582023461737276
20050331,0.008384212962326583
20050401,0.0021081257865831547
20050402,1.765546106414463E-4
20050403,0.0024215086114114243
20050404,0.0023072498000453593
20050405,8.006348761692603E-4
20050406,0.0023208885875642864
20050407,0.003221261501714051
20050408,0.0030576876774276846
20050409,0.003943521553915233
20050410,0.015703059529557015
20050411,0.02653946677528317
20050412,0.0030242184342135483
20050413,0.006687327651182021
20050414,0.002034803713856871
20050415,5.993233277893994E-4
20050416,0.003247984394052363
20050417,0.004162108876882021
20050418,0.020221879364979482
20050419,0.003371806164551495
20050420,0.0061905511105964746
20050421,0.0056720524199974824
20050422,0.002084289467873838
20050423,6.651428101106843E-5
20050424,6.069727563323639E-4
20050425,0.01878287184725966
20050426,0.004782562099400488
20050427,0.013069145114378705
20050428,0.0012232983236781982
20050429,4.05257147097353E-4
20050430,6.304074005016759E-4
20050501,0.0023243372507420665
20050502,0.012534357317458259
20050503,0.005708521055765902
20050504,0.0035999789409302987
20050505,0.01752217862478603
20050506,0.01424239095546713
20050507,0.009649458613446576
20050508,0.017343109280475513
20050509,0.00843520400554037
20050510,0.02514846528337162
20050511,0.06951039614075191
20050512,0.019195297725715186
20050513,0.01552098483991296
20050514,0.027699899280479594
20050515,0.00884713328638471
20050516,0.005218968568283495
20050517,0.0012171282628753353
20050518,8.210266250679913E-4
20050519,0.017156416687390482
20050520,0.021416369889164087
20050521,0.01633508589398689
20050522,0.013879254602473556
20050523,0.015574802588123509
20050524,0.016328383393017766
20050525,0.006979195344611475
20050526,0.0070878031835728186
20050527,0.01363512524711589
20050528,0.015275210331653768
20050529,0.00913168505517938
20050530,0.012590296050078019
20050531,0.008779062333002869
20050601,0.018329568937364503
20050602,0.013801197691766994
20050603,0.0042657757964536126
20050604,0.006392418767294215
20050605,0.00897804081559292
20050606,0.012851310986790815
20050607,0.006739049159374622
20050608,0.015927878036539396
20050609,0.0054789948026528245
20050610,0.010248431873227057
20050611,0.007368378170001556
20050612,0.004854947980831334
20050613,0.023961731380111848
20050614,0.014479067211335715
20050615,0.009987956882426874
20050616,0.01586919623109896
20050617,0.024395743841757023
20050618,0.015495031633973708
20050619,0.013837254990264452
20050620,0.00875848148802904
20050621,0.020590489358427017
20050622,0.02329154326471166
20050623,0.030738333650077825
20050624,0.01892136520715575
20050625,0.006141943604116415
20050626,0.01613221660237562
20050627,0.011834197322280382
20050628,0.03120700852363047
20050629,0.010649917320521986
20050630,0.019573631479753637
20050701,0.017104020254974935
20050702,0.02639837971759703
20050703,0.01749392450316045
20050704,0.019640684939655706
20050705,0.018120241972131596
20050706,0.01033087001698425
20050707,0.0121893045345367
20050708,0.014552087586257798
20050709,0.026696353317664703
20050710,0.009549534812593817
20050711,0.0032740051781373716
20050712,0.01045829182182178
20050713,0.019385247703315022
20050714,0.011764296617009378
20050715,0.009772655497387645
20050716,0.014210271145298478
20050717,0.023641702532274347
20050718,0.029334918083280984
20050719,0.0074849153241708715
20050720,0.004789919961740082
20050721,0.0070432422782807725
20050722,0.005103819273462797
20050723,0.028790817106192565
20050724,0.022414168223491737
20050725,0.013948083654707736
20050726,0.00913912827760942
20050727,0.011261582684452633
20050728,0.0036192305057813293
20050729,4.732505054001323E-4
20050730,0.002488202420820288
20050731,0.005842956598852173
20050801,0.005549528862782163
20050802,0.010129807209964635
20050803,0.0034393832305783714
20050804,0.004816881876477919
20050805,0.007796026988497793
20050806,0.001854310767092902
20050807,0.004987041872605668
20050808,0.0034134180590277285
20050809,0.001657853025153302
20050810,0.002642817379335378
20050811,0.0031713458305099237
20050812,0.004514693974266783
20050813,0.008738514167277745
20050814,0.009796592334491191
20050815,0.007701560317127107
20050816,0.012445872336165202
20050817,0.0032359641892168553
20050818,0.01493646926912129
20050819,0.013920338036837135
20050820,0.010006071947022176
20050821,0.005928229574280245
20050822,0.008438317519558213
20050823,0.01680125326810611
20050824,0.014349661502749564
20050825,0.009494715782830758
20050826,0.018179565635959242
20050827,0.019442561002210448
20050828,0.02240179153480703
20050829,0.011713346138324674
20050830,0.0033716440090926
20050831,0.008191062401037445
20050901,0.006804496150853573
20050902,0.010423044280584938
20050903,0.018523337685640663
20050904,0.018824430946064615
20050905,0.008244011077939987
20050906,0.019389683605757033
20050907,0.0042013103630072195
20050908,0.0077142548837717305
20050909,0.016676011667618423
20050910,0.0066691291017259464
20050911,0.0016975027866618457
20050912,0.007615088567841064
20050913,0.008109460630200701
20050914,0.0028432792254526663
20050915,0.0017398610410155517
20050916,0.0010306225847973376
20050917,0.0032339464216922533
20050918,0.009476762545031747
20050919,0.010264307231863168
20050920,0.002883953131782773
20050921,0.00758862312662091
20050922,0.0043721393069039
20050923,0.005344089990939966
20050924,0.002139251757513514
20050925,4.505330573963694E-4
20050926,0.0015537471366350122
20050927,0.009154345961641192
20050928,0.003204934327977331
20050929,0.00971426489026371
20050930,0.01008961769635852
20051001,0.00685669782642995
20051002,0.008025637700794579
20051003,0.0023477391025780686
20051004,0.022954274004118563
20051005,0.024037849913450475
20051006,0.008051561541179248
20051007,0.019481409875131667
20051008,0.005013223826063792
20051009,0.005037523220362084
20051010,0.0027473352368783165
20051011,0.0020891202515238723
20051012,0.00274737501269445
20051013,0.003446769660108727
20051014,0.008880061107136801
20051015,0.00543666259262262
20051016,0.00273825208116164
20051017,0.003232518743336075
20051018,0.010746213920049867
20051019,0.022639577210633945
20051020,0.025363809355754583
20051021,0.007870757287728588
20051022,0.006401510240121813
20051023,0.0029566211897835786
20051024,0.009023204436899678
20051025,0.00812480931255207
20051026,0.009556195268916797
20051027,0.026085140153920827
20051028,0.020490465283783635
20051029,0.006697160917623231
20051030,0.0041583677368102505
20051031,0.0031305124344344812
20051101,0.008810654043062388
20051102,0.012092481457510365
20051103,0.02134486022642504
20051104,0.010039485516534101
20051105,0.005371643924348697
20051106,0.012280774776493392
20051107,0.002705466014436387
20051108,0.001177547228719046
20051109,0.00463807541463025
20051110,0.02011204749784192
20051111,0.01586176117909898
20051112,0.012196645148337031
20051113,0.006869552179409384
20051114,0.014108520598980668
20051115,0.007977748026916984
20051116,0.003538293325374492
20051117,5.318896970647378E-4
20051118,1.228811633390611E-4
20051119,0.00645705913039545
20051120,0.006401251567147522
20051121,0.01185679336535198
20051122,0.0061296239034462924
20051123,0.00793340813214465
20051124,0.010040533303050372
20051125,0.007943458199926753
20051126,0.0030406122694820186
20051127,0.010590337961396645
20051128,0.015966182811515475
20051129,0.007275172225022279
20051130,0.0019411935765622675
20051201,0.005309487964271945
20051202,0.02289640873383251
20051203,0.0054894702276912614
20051204,0.005429154445454952
20051205,0.010370772992933128
20051206,0.01324232170593008
20051207,0.0138153512437564
20051208,0.017059119614371846
20051209,0.005254624145874796
20051210,0.014100715210318636
20051211,0.008009086683306637
20051212,0.003975737378280261
20051213,0.015872336344387415
20051214,0.004047625929326312
20051215,0.019318972061725212
20051216,0.07149626961698831
20051217,0.00843260683837489
20051218,0.016956711095868018
20051219,0.01815347896374951
20051220,0.005412766556103135
20051221,0.019745220029592128
20051222,0.034226162147505734
20051223,0.0529867890892678
20051224,0.10077024909695215
20051225,0.03419458921017722
20051226,0.0017476381990629906
20051227,0.010488564346630123
20051228,0.008295057848593948
20051229,0.004943176900771199
20051230,0.013213822739403686
20051231,0.006640695381995632
20060101,0.004231614509887151
20060102,0.009520908322141924
20060103,0.0016611378056379715
20060104,0.002169719429078055
20060105,0.0016251280697187024
20060106,0.006175396686404492
20060107,0.01653125141019905
20060108,0.00584772577206218
20060109,0.011093243196607544
20060110,0.013380009677297711
20060111,0.0038838039245059765
20060112,0.0014499897053972751
20060113,0.0015160407005111033
20060114,0.0020778432866320217
20060115,0.003448506759394028
20060116,0.005549166687531424
20060117,0.004497179640570857
20060118,0.006237725886124472
20060119,0.005490726260351316
20060120,0.0028303963657972104
20060121,0.008051194031720768
20060122,0.0020247462265978572
20060123,0.002125197977797166
20060124,0.008341559297439063
20060125,0.015583914733074598
20060126,0.01721129321565126
20060127,0.00137911565530317
20060128,0.009594296454594245
20060129,0.008675482528019533
20060130,0.0012595750811026274
20060131,0.0015541367308445093
20060201,0.002366374348487193
20060202,0.0017338436820976367
20060203,0.01262277277022463
20060204,0.001958894868351606
20060205,0.0020375182664692498
20060206,0.009578577141010442
20060207,0.021128717442216633
20060208,0.01476727855551672
20060209,0.016016180031383435
20060210,0.02367409534551426
20060211,0.022675939441043246
20060212,0.021329544408895888
20060213,0.005093119972604972
20060214,0.01464388395293391
20060215,8.966279023997584E-4
20060216,0.016180462242568243
20060217,0.012342238701938091
20060218,0.019178182574776943
20060219,2.3986956710086502E-4
20060220,0.004376205742060709
20060221,0.00117975672144637
20060222,9.63496063121057E-4
20060223,0.0032519706300923523
20060224,0.001945143638999223
20060225,0.0031461833737973896
20060226,0.0029854161809233187
20060227,0.001166958874707392
20060228,0.0017432358223850783
20060301,0.0026540504132788845
20060302,0.0022789791613886477
20060303,0.0029753426322624375
20060304,0.003086442353096929
20060305,0.012518381241720377
20060306,0.017296813846876355
20060307,0.007197576309303979
20060308,0.04479906239377759
20060309,0.010748084185127224
20060310,0.022340512016684064
20060311,0.028133549642627546
20060312,0.008727505533675252
20060313,0.016121655117155607
20060314,0.0023272219325744456
20060315,0.005660615813459966
20060316,0.004180527457457446
20060317,8.797699925872764E-4
20060318,5.455923212176275E-4
20060319,0.0017282995504736937
20060320,0.006618374013645182
20060321,0.0011927874855221163
20060322,0.0072937939335684975
20060323,0.0037593513464262503
20060324,0.006144612957192183
20060325,0.026626815873838916
20060326,0.004385080215578682
20060327,5.15847968867854E-4
20060328,0.0021342457220470254
20060329,0.002043775650930448
20060330,0.001354951160369725
20060331,1.2143375782998622E-4
20060401,0.0021253395550426585
20060402,0.008810617835079242
20060403,0.02246547451677684
20060404,0.0016105855768729388
20060405,0.016699666545910628
20060406,0.009927311894737556
20060407,0.008312904044552673
20060408,0.003262146514138012
20060409,0.009311392721641656
20060410,0.001464332936138818
20060411,0.007606330351247445
20060412,0.004523219055393751
20060413,1.6979715191212943E-4
20060414,0.00238500882830336
20060415,0.0184772494859407
20060416,0.005562568953720031
20060417,0.0011193572742435617
20060418,5.934251261512637E-4
20060419,0.004665561044150757
20060420,3.519464831703488E-4
20060421,0.016740408377369776
20060422,0.0019414871093342784
20060423,0.001051097902020998
20060424,0.00331381668843812
20060425,0.0022332877372849033
20060426,0.0057781994101799615
20060427,0.023197785596615603
20060428,0.0012957991008187694
20060429,9.791369086652312E-4
20060430,7.841702500247426E-4
20060501,0.01532130544598036
20060502,0.008584842845006472
20060503,0.0026796032050802263
20060504,0.0023690719057805386
20060505,0.0018578737211472857
20060506,0.001475724327199461
20060507,0.002951011938421027
20060508,0.01695660105232883
20060509,0.0075652892267823475
20060510,2.2015968327064687E-4
20060511,0.002010611611397067
20060512,0.01198731829915788
20060513,0.018886657745064865
20060514,0.017445571976825586
20060515,0.02265984438767686
20060516,0.011102598893791612
20060517,0.004457700698359314
20060518,0.004131989538041327
20060519,0.002540625087852151
20060520,0.015294232952697868
20060521,0.024861245849934554
20060522,0.015929312101889505
20060523,0.021932993301272737
20060524,0.030127012593844697
20060525,0.015558994204437163
20060526,0.0067080116164906075
20060527,0.010533881850889585
20060528,0.005505426405555691
20060529,0.015016738328029494
20060530,0.023765047431323846
20060531,0.01240003445950087
20060601,0.021073504282126464
20060602,0.02465245459608643
20060603,0.029300216079254805
20060604,0.013521665177688923
20060605,0.00490898980074678
20060606,0.008202487883927563
20060607,0.013476259099240197
20060608,0.005332767328457405
20060609,0.009320801380118551
20060610,0.014058295415705288
20060611,0.017736071591284614
20060612,0.023412958943910295
20060613,0.030708399683078882
20060614,0.012332388134152942
20060615,0.006519441810354953
20060616,0.006300430312534001
20060617,0.02221321581380955
20060618,0.01496638428774415
20060619,0.01711798911180835
20060620,0.01075124203969028
20060621,0.020023457485232623
20060622,0.015296930491623097
20060623,0.007243257057660968
20060624,0.004985268846418013
20060625,0.03156750378419332
20060626,0.03864457790699662
20060627,0.017349502580149553
20060628,0.00578601038622158
20060629,0.009676479645164595
20060630,0.024232071322422593
20060701,0.02132845177306544
20060702,0.0020487483319428256
20060703,0.0019345843214398969
20060704,9.416093681107956E-4
20060705,0.0023765039639763366
20060706,0.0033498441628985833
20060707,0.01057793066085555
20060708,0.0015388958743656474
20060709,0.005191932987184775
20060710,0.002596536112133896
20060711,0.0021428544670335048
20060712,0.0023140805085924295
20060713,0.006499830617379326
20060714,0.0160933302926124
20060715,0.00866400636730022
20060716,0.004043146793258474
20060717,0.008604296814986844
20060718,0.0036961302501267923
20060719,0.008298492159286651
20060720,0.010857883847771917
20060721,0.009754770578057324
20060722,0.007025094443232803
20060723,0.0023633118516431504
20060724,0.003997638959010105
20060725,0.007932147100163815
20060726,0.0019288398016323789
20060727,7.318269408382268E-4
20060728,0.002943973299138827
20060729,0.010216523474654371
20060730,0.004779020787644641
20060731,0.007610732729433152
20060801,0.012283201018210434
20060802,0.001986906512119405
20060803,0.0022582478652943172
20060804,0.0021800493519365752
20060805,0.003205533414825158
20060806,0.008627550883373884
20060807,0.007611653794400254
20060808,0.010200953708685725
20060809,0.010436570711141171
20060810,0.008083517530151922
20060811,0.006466647149689805
20060812,0.007822591773209259
20060813,0.0035049466686301227
20060814,0.004828520792878348
20060815,0.0023780749987197215
20060816,0.00197979705012838
20060817,0.0038068656337617002
20060818,0.007421294089882808
20060819,0.005750857419794424
20060820,0.00214759663906486
20060821,0.001399807857737252
20060822,0.005350906124687665
20060823,0.0067293186063096784
20060824,0.005921032213480303
20060825,0.0022479339054999924
20060826,0.002062836569716793
20060827,0.01427217780776139
20060828,0.016221174885299065
20060829,0.030623184387293546
20060830,0.011166373186061977
20060831,0.00498003925192373
20060901,0.005880484170730648
20060902,0.019545646371273626
20060903,0.007694279404927929
20060904,0.022228737764894035
20060905,0.009282774539382858
20060906,0.016578359701028725
20060907,0.007807335309994003
20060908,0.026959411974791007
20060909,0.016527884986839086
20060910,0.011223521916962232
20060911,0.012415058475495162
20060912,0.015081500938962487
20060913,0.015315253679851227
20060914,0.021770712411472642
20060915,0.025864743536401395
20060916,0.012206650020298618
20060917,0.011144304341170568
20060918,0.018988866758023377
20060919,0.020997688264464846
20060920,0.010339451952470092
20060921,0.001471421066363101
20060922,0.0075695069563333685
20060923,0.0013572053609132765
20060924,0.005749164242173092
20060925,0.020524135397126737
20060926,0.02589650182509176
20060927,0.021205880391347718
20060928,0.0046825752368484675
20060929,0.007653866034322635
20060930,0.010987012509042186
20061001,0.00844517635399332
20061002,0.025772670324820418
20061003,0.00439243649653267
20061004,0.00802498661002071
20061005,0.0020619693199188088
20061006,0.006333928146878233
20061007,0.015371171466450615
20061008,0.014137563171708306
20061009,0.0019115690367906971
20061010,0.006257359479857864
20061011,0.009926880872993139
20061012,0.004575462543418165
20061013,0.007814913691021044
20061014,0.011341868175783516
20061015,0.005084322164045854
20061016,0.007546402361686108
20061017,0.0022219901918578222
20061018,0.003389892390019413
20061019,0.01367029512953443
20061020,0.02043191835623085
20061021,0.015250155947336115
20061022,0.014786054985956065
20061023,0.002104726816198707
20061024,0.002990878414538596
20061025,0.0017610651975117288
20061026,0.005393147936547799
20061027,0.0020868132108275744
20061028,0.004351903171111432
20061029,0.003379794732747458
20061030,0.009038996330503406
20061031,0.009059809919646085
20061101,0.005790559646995315
20061102,0.007696959681740012
20061103,0.026710103244033005
20061104,0.0188811676676311
20061105,0.004747633087142603
20061106,0.009281097602987787
20061107,0.0072046948460832766
20061108,0.003986102507183992
20061109,0.001529318571714383
20061110,0.004095825371337417
20061111,0.018124282473752976
20061112,0.005287624507460198
20061113,0.009026855298567196
20061114,0.01036759788104415
20061115,0.015050508941925904
20061116,0.012506658757884889
20061117,0.0043459848438627885
20061118,9.535913828428855E-4
20061119,0.002736422772502291
20061120,8.518087891570665E-4
20061121,0.0023606998507941395
20061122,0.002756967373046945
20061123,0.0025162954787646455
20061124,1.7019299061411133E-4
20061125,8.894124665098654E-4
20061126,0.0035048476597840774
20061127,0.0023668441276704848
20061128,0.0030607976485240032
20061129,0.0023277683768849794
20061130,0.002834904443343615
20061201,0.006247058810220648
20061202,0.00640949953890851
20061203,0.002496594660622559
20061204,0.005147256309023927
20061205,0.012179659723358723
20061206,0.007032060728767122
20061207,0.0010013058297938845
20061208,0.011495703021496427
20061209,0.0015632705979331967
20061210,0.008672837504214883
20061211,0.007610245589103291
20061212,0.008324127112100585
20061213,0.0027305811191734356
20061214,0.009692693224706712
20061215,0.008194370940780156
20061216,0.009837421118655182
20061217,0.011602594379083167
20061218,0.003504371361697631
20061219,2.4072207708772384E-4
20061220,8.367191332506522E-4
20061221,0.0066124448880331725
20061222,4.493509322052601E-4
20061223,9.270248645761752E-4
20061224,0.0030836333326129265
20061225,0.004610602406573869
20061226,0.022018237386140067
20061227,0.015295254389755554
20061228,0.00926476588071567
20061229,0.0057800408472085335
20061230,0.0075641293792880725
20061231,0.010468298370811561
20070101,0.010329251713523432
20070102,0.004859536553083004
20070103,0.01135632338197224
20070104,0.01447646736605754
20070105,0.010123066788747146
20070106,0.013314490949542677
20070107,0.007738238320549346
20070108,0.02290920135362171
20070109,0.00842895311486523
20070110,0.010432530841654812
20070111,0.018083553510759354
20070112,0.022593048170713656
20070113,0.009950088312568774
20070114,0.013746535453057467
20070115,9.189542556120355E-4
20070116,7.103106787878941E-4
20070117,3.099763914005523E-4
20070118,0.002386330143617732
20070119,5.195674680581413E-4
20070120,0.011425693752191032
20070121,7.10367870711718E-4
20070122,0.01096435496238275
20070123,4.810055554875652E-4
20070124,0.004006274189379463
20070125,0.006564814799700252
20070126,0.0027224198979174065
20070127,6.963301710845978E-4
20070128,0.004069048801381794
20070129,0.009812523745569615
20070130,0.012023724467611714
20070131,0.014383384486054956
20070201,0.028173211985025103
20070202,0.022112086354695887
20070203,0.020504448855997764
20070204,0.01583838137354153
20070205,0.01643159435928992
20070206,6.197544809294294E-4
20070207,0.002711844542845815
20070208,0.0027632763823190374
20070209,0.004830546802213396
20070210,0.004483586615355731
20070211,0.0011653227725082016
20070212,0.0027660322988729068
20070213,5.939464499391406E-4
20070214,0.001342270347906898
20070215,0.0030300649608602363
20070216,0.01517083701943244
20070217,0.012717351922936925
20070218,0.005977853129545419
20070219,0.014855298704487983
20070220,0.0011817199823228096
20070221,0.0018719282327669382
20070222,0.001995324227044906
20070223,0.013053597251618506
20070224,0.013498502232369335
20070225,0.013010241136046513
20070226,0.004645407228167105
20070227,0.001238994065566493
20070228,0.005585377391938389
20070301,0.0019760334480474224
20070302,0.0034981187582993657
20070303,3.103131011115887E-4
20070304,0.0018669889216970438
20070305,3.6558036941175434E-4
20070306,6.640675467247159E-4
20070307,4.897974824136385E-4
20070308,9.779214997416065E-4
20070309,1.2246062517161698E-5
20070310,0.0013126102688701246
20070311,9.542150485315318E-4
20070312,0.0022408523245663896
20070313,0.0015522010292559035
20070314,0.015190246829269885
20070315,0.014576477991273845
20070316,0.019288479360711996
20070317,0.023230580207937012
20070318,0.003004426985280306
20070319,0.004345906774779056
20070320,0.0035316156823134905
20070321,0.004859114466772786
20070322,0.01215730236337318
20070323,0.005296327030665159
20070324,0.011707165553591255
20070325,0.008955034989761418
20070326,7.629329726582761E-4
20070327,3.6040807048724646E-4
20070328,0.0019996873524398178
20070329,0.0021801485976163126
20070330,9.597475212569512E-4
20070331,0.0011693452140174288
20070401,0.001961848296255089
20070402,0.0010262244291742986
20070403,5.111262697191446E-4
20070404,6.415191949071448E-4
20070405,0.0014678799874465204
20070406,0.0033479067913465403
20070407,0.018638016295636755
20070408,0.0015193285651465714
20070409,0.001989060161837252
20070410,0.0037673909332686588
20070411,0.0019212875544267348
20070412,0.0012943770397478135
20070413,0.004761062909813094
20070414,0.010960669315121943
20070415,0.02226578616744288
20070416,0.006367316029779623
20070417,0.0020062087252652743
20070418,0.022942169156900557
20070419,0.011435278175497627
20070420,0.003305698774928327
20070421,0.004274278503482258
20070422,0.003008932546088155
20070423,0.00169158699478201
20070424,0.00606995003917349
20070425,0.019717317976148258
20070426,0.007728726507319183
20070427,0.016074384724377274
20070428,0.015210101735749769
20070429,0.0029202871012997704
20070430,0.0038711592592495904
20070501,0.012964267507826385
20070502,0.021229018499991065
20070503,0.021075553944061506
20070504,0.0029860458798911848
20070505,0.010323918768156524
20070506,0.01007749890943752
20070507,0.007193060150634355
20070508,0.007988702695608151
20070509,0.011618522922814296
20070510,0.024291729489576933
20070511,0.002391764619541714
20070512,0.002775527969883634
20070513,0.003623102694151017
20070514,0.015795329805860788
20070515,0.008384074461567319
20070516,0.016875688909631106
20070517,0.009001387285252307
20070518,0.0037662711200475768
20070519,0.003582629019947158
20070520,0.0010793718096862891
20070521,0.0010175264806714453
20070522,0.004584237118396357
20070523,0.0027938334888944296
20070524,0.02385220716576077
20070525,0.010917321817224001
20070526,0.028070521914023486
20070527,0.009477101422899753
20070528,0.00984009567451736
20070529,0.00994881304299652
20070530,0.024905706321691524
20070531,0.027907981125785738
20070601,0.010886985227411194
20070602,0.007535483951232172
20070603,0.007818722491444142
20070604,0.01040059863238506
20070605,0.00952661539830019
20070606,0.020793418901365508
20070607,0.010908434573316722
20070608,0.00682925019647053
20070609,0.0031185438738760645
20070610,0.006374353867481958
20070611,0.02044638694873007
20070612,0.017333820601182052
20070613,0.01729882215676233
20070614,0.011257714997886085
20070615,0.011816119443120712
20070616,0.020764610447423375
20070617,0.008198648011822936
20070618,0.017337260217359807
20070619,0.03332409155526798
20070620,0.023635086194359976
20070621,0.01847637968490476
20070622,0.016923518653991512
20070623,0.018754942372646636
20070624,0.00685378412758876
20070625,0.03640020074924287
20070626,0.034510598744932036
20070627,0.014369334889818584
20070628,0.009443029982177081
20070629,0.011846659258296928
20070630,0.05257479618532527
20070701,0.008981668407015515
20070702,0.002526630577037836
20070703,0.0013035483931166081
20070704,0.007928015212785511
20070705,0.008389871189686635
20070706,0.009203324058458787
20070707,0.0016298025325587697
20070708,0.006651275493267549
20070709,0.007388647751691236
20070710,0.01392030891602724
20070711,0.01145811724159728
20070712,0.004711431244252538
20070713,0.009333297440128006
20070714,0.010393867227392287
20070715,0.017781520166422662
20070716,0.013569403303686214
20070717,0.01772930675848462
20070718,0.008529053636162761
20070719,0.014529170001301064
20070720,0.005908939084488656
20070721,0.0019273680405836036
20070722,0.0016147399382343056
20070723,0.006269227099368188
20070724,0.008734142180919302
20070725,0.00394812869690722
20070726,0.03107024103008607
20070727,0.03152529767597068
20070728,0.021393677810117542
20070729,0.02487874052457835
20070730,0.021544021778554374
20070731,0.020274500080475138
20070801,0.007971253940838552
20070802,0.004641522432415736
20070803,0.010745899457918429
20070804,2.9952638453953204E-4
20070805,0.003957756830001275
20070806,0.004707108899182644
20070807,6.613968689743342E-4
20070808,0.0015287353261720957
20070809,0.006402727970058449
20070810,0.018253226121860096
20070811,0.004661080461952398
20070812,0.014611840988030663
20070813,0.017847908873929008
20070814,0.005715256904662659
20070815,4.487675835612965E-4
20070816,0.0052306574212333
20070817,0.014864512266077616
20070818,0.013314711363277157
20070819,0.023183982765936872
20070820,0.016533800073895207
20070821,0.01420617784629596
20070822,0.008949749745283224
20070823,0.006759962169607877
20070824,0.025547558295112873
20070825,0.03898299485046614
20070826,0.027659081901799904
20070827,0.0265796604504751
20070828,0.014978653764661601
20070829,0.01568529069861121
20070830,0.024056975716079097
20070831,0.015798904994756502
20070901,0.012817629125274408
20070902,0.0033996382418955617
20070903,0.002040067363282336
20070904,0.006519855283402249
20070905,0.009146884273319753
20070906,0.02381568703706137
20070907,0.009203806490948508
20070908,0.010089764741308124
20070909,0.01563555041918683
20070910,0.024795658248645366
20070911,0.011237487221749604
20070912,0.02243025337921303
20070913,0.003498309969602217
20070914,0.00304274312749576
20070915,0.005786315653792545
20070916,0.005455661682611969
20070917,0.0016937020212905462
20070918,0.007019196189594522
20070919,0.005599878053310172
20070920,0.002299588726833903
20070921,0.005955052052664559
20070922,0.01193372267185272
20070923,0.0045476007436409055
20070924,0.010314573285563828
20070925,0.004385139294003167
20070926,0.013624286940260497
20070927,0.02377491299698485
20070928,0.025053163309713355
20070929,6.26706292332684E-4
20070930,0.0015266158630544823
20071001,7.795049134965999E-4
20071002,7.645643948358998E-5
20071003,0.003833405228701518
20071004,0.0038684058956210987
20071005,0.004288281984655671
20071006,0.005040901701126319
20071007,0.009682692721414869
20071008,0.010006482906477503
20071009,0.01748105089558479
20071010,0.0074512496250251845
20071011,0.008357421681633354
20071012,0.011169415034824234
20071013,0.008483162069694947
20071014,0.015055645061374578
20071015,0.0033771510797791704
20071016,0.008060582390123883
20071017,0.018672493777814568
20071018,0.025733464596433338
20071019,0.01390521037362714
20071020,0.010577917766652645
20071021,0.007725275900681929
20071022,0.010725698977233593
20071023,0.019841794120363368
20071024,0.022415102728979255
20071025,0.014530672652748253
20071026,0.003528897251837799
20071027,0.01065277686435158
20071028,0.01454614983428058
20071029,0.0198267489068767
20071030,0.009313915190486665
20071031,0.01681908032643575
20071101,0.02998291230728377
20071102,0.011711161053433318
20071103,0.006377290901997662
20071104,0.006261974890766845
20071105,0.013649369554476765
20071106,0.006046064022325059
20071107,0.018267229911251237
20071108,0.022328329492721993
20071109,0.01492321408691023
20071110,0.009315906024315243
20071111,0.0027479285543014495
20071112,0.015513307398947636
20071113,0.015115834038266293
20071114,0.024025504997599
20071115,0.012002826057266875
20071116,0.013173138760661549
20071117,0.028878574044753864
20071118,0.12007334946865694
20071119,0.006950258819657969
20071120,0.019361657382052175
20071121,0.015414919871660018
20071122,0.010210544770707724
20071123,0.0042300833553567275
20071124,0.004299401468521322
20071125,1.1212736580308022E-4
20071126,0.002419319946242732
20071127,0.006057766038693365
20071128,0.004778799863427815
20071129,0.0014960514468064328
20071130,7.2560363149415295E-6
20071201,0.0010105720634687263
20071202,0.010157610427949604
20071203,0.0025747937820088016
20071204,0.004870325827744613
20071205,0.004307171486409182
20071206,0.005106976865606102
20071207,0.008967470840071531
20071208,0.010263980106550693
20071209,0.010508765141932195
20071210,0.003029632926598525
20071211,0.007305155753585276
20071212,0.006733859177514366
20071213,0.014471874715604469
20071214,0.012312613846993814
20071215,0.0016204852103077186
20071216,0.00222234156091551
20071217,0.0017588396895118958
20071218,0.0020115275515752624
20071219,0.00406979143373367
20071220,0.0050461886602377855
20071221,0.005976922239532208
20071222,0.009711945120439935
20071223,0.01116661454875587
20071224,0.01846134030683376
20071225,0.018382881401168543
20071226,0.01598901516150421
20071227,0.02029593668547691
20071228,0.022300748672675407
20071229,0.02138048387779967
20071230,0.011015359207342826
20071231,0.005630234834770155
20080101,0.0022436089735640833
20080102,0.011479946338393474
20080103,0.014930321259417305
20080104,0.015555910814287793
20080105,0.005503289198243985
20080106,0.010891097272573964
20080107,0.005092645136105734
20080108,0.0016055178048904378
20080109,0.011251336622376904
20080110,0.011016671760809234
20080111,0.009820828361764023
20080112,0.02074546749022015
20080113,0.021773034977089007
20080114,0.009987830096462523
20080115,0.0030574686740829473
20080116,0.00873632608026046
20080117,0.004789434943097548
20080118,0.012724552645379543
20080119,0.006789922848523339
20080120,0.025854526289419734
20080121,0.014326663959735007
20080122,0.011550216094301449
20080123,3.090165169446973E-4
20080124,1.965126963434513E-4
20080125,0.0012049739539729614
20080126,3.372016751770995E-4
20080127,8.884890055151871E-4
20080128,3.3791564861093356E-4
20080129,0.0036584952836045954
20080130,0.00148692585691962
20080131,0.0015443966217283482
20080201,2.94276091501896E-4
20080202,0.0012352563048223036
20080203,0.004170651200095935
20080204,3.860212234969832E-5
20080205,4.216215623502333E-4
20080206,0.0014487328238570625
20080207,0.002019533733482687
20080208,0.01302159812846247
20080209,0.004905210354296761
20080210,0.004357801375643818
20080211,0.011141155186369179
20080212,0.049159887392028506
20080213,0.019240734190787825
20080214,0.03127500067383977
20080215,0.025387750033457303
20080216,0.018670529834469776
20080217,0.02982287670211157
20080218,0.026126750785273635
20080219,0.018307582133970993
20080220,0.008444021167816434
20080221,0.0034046464796709036
20080222,9.151663615016803E-4
20080223,0.003287241223480724
20080224,0.02991853197367245
20080225,0.01753133258957346
20080226,0.016266956122142517
20080227,0.01111814080876129
20080228,0.0273893766172993
20080229,0.0011092465591490516
20080301,0.007330201486472625
20080302,0.042628111024343544
20080303,0.023040331236222934
20080304,0.015562399345804905
20080305,0.014006371927968908
20080306,0.030147397650773327
20080307,0.016939970338509452
20080308,0.011134810644395098
20080309,0.0032636104034786512
20080310,0.001594524188846719
20080311,0.006484071091668947
20080312,0.008797135025922609
20080313,0.018998356563203908
20080314,0.01755872566514992
20080315,0.013086243362494174
20080316,0.01707239805136353
20080317,0.014981613017805429
20080318,0.005351341459726862
20080319,0.016742002199070162
20080320,0.009947373651002393
20080321,0.00816129545273979
20080322,0.003767223497432804
20080323,5.686049763515662E-4
20080324,7.976742911208815E-4
20080325,7.432448034660708E-4
20080326,0.016006071020202853
20080327,0.008049698363712476
20080328,0.004768154164600611
20080329,0.010034701912442443
20080330,0.0018689633357047452
20080331,0.0014754163070586786
20080401,0.004478316518421558
20080402,0.0047396119910380645
20080403,0.015044058821352239
20080404,0.00327094375319964
20080405,0.0011358479085544044
20080406,0.005163995344435067
20080407,0.0016255579262517959
20080408,0.0036942490788328623
20080409,0.001794208528987788
20080410,0.0017617602695640753
20080411,0.0020183017435478783
20080412,0.0022663686477764045
20080413,0.03236405880139523
20080414,0.03757368701961032
20080415,0.012656708541286622
20080416,0.0030249920362783738
20080417,0.0015916218283301476
20080418,0.0019211464424489647
20080419,0.0033872306223021206
20080420,0.0016633477078243676
20080421,0.0012811147155145503
20080422,0.002221040324344085
20080423,0.010898271314009018
20080424,0.01755533417770591
20080425,0.03301070459355476
20080426,0.037575528177901205
20080427,0.02092171735653112
20080428,0.020514037706558946
20080429,0.015416151256438743
20080430,0.010358914454657723
20080501,0.00783682411188728
20080502,0.018874135940078987
20080503,0.021202781055732704
20080504,0.006803560118700166
20080505,0.0012665329525483246
20080506,0.002996545205808566
20080507,0.004826574855690028
20080508,0.007657060382031395
20080509,0.0029769043963814032
20080510,0.023603429139960483
20080511,0.01590101577185314
20080512,0.016760738975297323
20080513,0.01260565120175813
20080514,6.198750748174778E-4
20080515,0.00822395976579204
20080516,0.007150020392668444
20080517,0.006712113636507007
20080518,0.0018952397763980834
20080519,0.004799382541026544
20080520,0.0029517771460660525
20080521,0.0012794961285548178
20080522,0.0019767856994776407
20080523,0.003721177083445349
20080524,0.015700798898634603
20080525,0.009118752561509711
20080526,0.0033233707426954143
20080527,0.012815795142282154
20080528,0.025423382208929618
20080529,0.01114342522915446
20080530,0.010547384264824811
20080531,0.013081280752735158
20080601,0.014938263116015076
20080602,0.004380600902384325
20080603,0.005036553996965172
20080604,0.008151576565239868
20080605,0.017887300552655357
20080606,0.015400205074063767
20080607,0.0058742997474006435
20080608,0.005976682037991825
20080609,0.002861183415549695
20080610,0.03406798376665694
20080611,0.02679525726623827
20080612,0.047255521090053106
20080613,0.025663585221451752
20080614,0.011549365232255408
20080615,0.009780478683149234
20080616,0.013150966508606877
20080617,0.0011152095542764154
20080618,0.004067748304085504
20080619,0.004076447399369229
20080620,0.010713035156493656
20080621,0.007424403888638563
20080622,0.006152136166719286
20080623,0.002912886093136569
20080624,0.01149294569280562
20080625,0.017766875001845085
20080626,0.00889536570742766
20080627,0.004733341180910594
20080628,0.010974055047189594
20080629,0.028691920910585644
20080630,0.010501376949846167
20080701,0.018173019911362085
20080702,0.014215147507666615
20080703,0.040660761073510715
20080704,0.008956146011260555
20080705,0.025154130787779935
20080706,0.013268894152422018
20080707,0.00817338442659562
20080708,0.001772410682918144
20080709,0.0031216996505228152
20080710,0.012325764219230864
20080711,0.016856502170910694
20080712,0.0189670402267112
20080713,0.011811662934095217
20080714,0.014692147297962069
20080715,0.02242529936421819
20080716,0.021962391763799823
20080717,0.03676501084263013
20080718,0.020786058400957284
20080719,0.013912800692349729
20080720,0.020925719008454347
20080721,0.028592077875240648
20080722,0.06166235369793619
20080723,0.030717773536868852
20080724,0.01820260142176672
20080725,0.012407269614375188
20080726,0.01526980034279108
20080727,0.008942901774150311
20080728,0.02169139736041902
20080729,0.004451025193228959
20080730,0.007721467906838174
20080731,0.003457195266858681
20080801,9.641220623675274E-4
20080802,0.0010642422071120447
20080803,0.0023666025412337178
20080804,0.005638724564767564
20080805,0.008922674112468292
20080806,0.004212452823354887
20080807,0.015247837529846032
20080808,0.012227397653485409
20080809,0.013053672042250863
20080810,0.017450799878463992
20080811,0.018805809309015216
20080812,0.023974353426603513
20080813,0.006574155926604287
20080814,0.0019834394887370222
20080815,0.003420254514116281
20080816,0.014415556014491807
20080817,0.004240518061927363
20080818,0.0045737281192519425
20080819,0.010944625179173462
20080820,0.0129839990881948
20080821,0.015899171096722828
20080822,0.008943090979532359
20080823,0.018953625547103295
20080824,0.02306208382638766
20080825,0.018062821034777535
20080826,0.012555280449491382
20080827,0.0038991734069568785
20080828,0.0053888067115516235
20080829,0.013343517796975289
20080830,0.009149992622864428
20080831,0.0037760915178670705
20080901,0.019781806658670017
20080902,0.011081903519768713
20080903,0.013323552734693359
20080904,0.019968863262506884
20080905,0.02227035077784854
20080906,0.023650195668170247
20080907,0.027880493293829113
20080908,0.026658216069596407
20080909,0.01936534777682107
20080910,0.022453123153791898
20080911,0.0071935376387113606
20080912,0.005538571892437586
20080913,0.010444022387258875
20080914,0.015127233308243573
20080915,0.007641522255820086
20080916,0.012896430811106804
20080917,0.003617368131729084
20080918,0.010994456867613467
20080919,0.011638218903527798
20080920,0.009418054637734877
20080921,0.0013457280888301722
20080922,0.00148798428851073
20080923,0.001959818098700715
20080924,0.003907823270307024
20080925,0.0016934811046352626
20080926,0.002318649040361129
20080927,0.0028425930105065783
20080928,0.0015231168307608383
20080929,0.00586584316380408
20080930,0.0011302271124772917
20081001,0.001409456272755624
20081002,0.012457369877870253
20081003,0.012530524501396807
20081004,0.012258338964806307
20081005,0.03061717644519281
20081006,0.029424801435122813
20081007,0.003048380193460973
20081008,0.006052668674438283
20081009,0.006914419896116396
20081010,0.013009664191538019
20081011,0.0052479472693910635
20081012,0.019675460973300037
20081013,0.021504549251178853
20081014,0.01900547123686737
20081015,0.0014750169778039606
20081016,0.013385315043821951
20081017,0.02422434199742638
20081018,0.013837948884197787
20081019,0.023450090110000644
20081020,0.01356711234058435
20081021,0.019849300849097286
20081022,0.011420070371745764
20081023,0.008557292529544494
20081024,0.013255895328019338
20081025,0.01001667986870063
20081026,0.02246078524925233
20081027,0.026596857474256174
20081028,0.03206726319406061
20081029,0.012858394956393432
20081030,0.01282773269734233
20081031,0.007857309668013419
20081101,0.015929386137152772
20081102,0.0034116933453565536
20081103,0.013158934698690462
20081104,0.00811766206660282
20081105,0.01676969892726222
20081106,0.014853509587351162
20081107,0.021419844625625784
20081108,0.012241220014491334
20081109,0.01598638811821078
20081110,0.016176800101995105
20081111,0.017691650621476627
20081112,0.01347768819262278
20081113,0.015727251501751312
20081114,0.03790619925183735
20081115,0.014796448046994225
20081116,0.0014681009106947806
20081117,0.004614258130562058
20081118,0.0057379856983738224
20081119,0.01352287803930116
20081120,0.00784022950590068
20081121,0.007141305424704579
20081122,0.012255470903186154
20081123,0.0021789967594673335
20081124,0.007413241565623239
20081125,0.01527660343551786
20081126,0.004495439342530714
20081127,0.003964909558536463
20081128,0.017359449456676827
20081129,0.0018316305032290154
20081130,0.005453778821298071
20081201,0.012496839154600427
20081202,0.02679243542713621
20081203,0.02950656748354908
20081204,0.014765041307285112
20081205,0.02344077934478055
20081206,0.015100258572894968
20081207,0.018226591115297168
20081208,0.010483144568012961
20081209,0.006515877763399136
20081210,0.013141747675219874
20081211,0.003452003098948358
20081212,0.002094580700179468
20081213,0.0013506580187819643
20081214,7.190219544721062E-4
20081215,0.0018554869858248746
20081216,0.002176400252889122
20081217,0.02851780475915962
20081218,0.011449090200749266
20081219,0.015823816041105596
20081220,0.0024104944617959374
20081221,0.006801092565649714
20081222,9.56275922594447E-4
20081223,0.0020824400004485735
20081224,0.001362805424542563
20081225,0.004417288503971445
20081226,0.013077628728493475
20081227,0.007606309656073269
20081228,0.006008838219512398
20081229,0.001186990282932848
20081230,0.010855731992632714
20081231,0.010657453959246482
20090101,0.017536759907140285
20090102,0.02940693417710475
20090103,0.030071378723843124
20090104,0.003273151313552959
20090105,0.004052615764129225
20090106,0.005196723210479422
20090107,0.009466792665399957
20090108,0.01128867355393297
20090109,0.025722213453841614
20090110,0.009043331477234198
20090111,0.03292549197024547
20090112,0.051345805599760666
20090113,0.06971856232170025
20090114,0.030420556883555723
20090115,0.03306647918497137
20090116,0.02734887310841776
20090117,0.007473788984060455
20090118,0.01080779687211653
20090119,0.01996111146629564
20090120,0.042686722155970705
20090121,0.01956802311880796
20090122,0.005208916383056889
20090123,0.01224757142792834
20090124,0.024612521360059345
20090125,0.00801577400214315
20090126,0.019666463528836782
20090127,0.008186926611533592
20090128,0.002217550315137887
20090129,3.4738453131620214E-4
20090130,0.006871900078374279
20090131,0.006222678157894658
20090201,0.007600117919626407
20090202,0.0128595622538418
20090203,0.01415496414907353
20090204,0.00546294601254325
20090205,0.0040440075157649955
20090206,0.020098698591282767
20090207,0.04639150046266749
20090208,0.004875591867094277
20090209,0.009586079650823438
20090210,0.007517622653831522
20090211,0.014472051851188236
20090212,0.04013775191060572
20090213,0.08999279599085272
20090214,2.7518337774359446E-4
20090215,0.008861767259518259
20090216,0.008064438384857346
20090217,8.378285781938041E-4
20090218,0.0021698786495782927
20090219,0.002091773817881537
20090220,0.001284944199132813
20090221,0.003404822546426311
20090222,0.004289100540995752
20090223,0.0022795981394369467
20090224,0.00871153952936321
20090225,0.03508713331310149
20090226,0.011136423393254576
20090227,0.0027524746946031593
20090228,0.002516040869399169
20090301,0.005687534588826549
20090302,0.0019370280614112805
20090303,0.00241172276178551
20090304,0.004080810934361559
20090305,0.0010917372841440004
20090306,0.007007499048392892
20090307,0.007796281234585965
20090308,0.0036418604034654583
20090309,0.0054254945132577136
20090310,0.001799171221695015
20090311,0.021503655607347866
20090312,0.03138244729994771
20090313,0.016038266652390085
20090314,0.0018701892412194055
20090315,0.007884067749560613
20090316,0.0021252691668058894
20090317,0.013378951144958798
20090318,0.005131797832483653
20090319,0.0022841804657540597
20090320,0.011378979613928957
20090321,0.0072128624483253105
20090322,0.002366513169972986
20090323,0.0022724714086571904
20090324,0.0018375283379895935
20090325,0.0019250142201290897
20090326,9.913597529056224E-4
20090327,0.0014626759734751283
20090328,0.0037092219982156685
20090329,0.010507635181927075
20090330,0.014384330019932138
20090331,0.007255288759513757
20090401,0.0011368276516287635
20090402,0.00225289876978079
20090403,0.00603131435188024
20090404,0.007746286446179274
20090405,0.004086306854422351
20090406,0.006266533946170632
20090407,0.009554998892529578
20090408,0.011942821341356357
20090409,0.01251842629047826
20090410,0.004608484885035716
20090411,0.002317822693322409
20090412,0.006614214788648296
20090413,0.01084921544119793
20090414,0.015787513141329104
20090415,0.017019734386366493
20090416,0.0122304015663215
20090417,0.028758474973060215
20090418,0.028174030793993866
20090419,0.11715029880443206
20090420,0.013545774597515929
20090421,0.007924135494607106
20090422,0.00636690946519248
20090423,0.009975636087766544
20090424,0.014942291778557042
20090425,0.003595476884961354
20090426,0.004456915385500329
20090427,0.002027689366255113
20090428,0.009212153301673204
20090429,0.0028817505016646107
20090430,0.008231282920629465
20090501,0.007269511866486153
20090502,0.010298131786314507
20090503,0.006411531291635852
20090504,0.003937633004510492
20090505,6.817788256852708E-4
20090506,4.8176457820529184E-4
20090507,0.011339059805504911
20090508,0.007644345323191774
20090509,0.009833008408736639
20090510,0.013458879947775096
20090511,0.0071171120367296194
20090512,0.018870829664162262
20090513,0.011915879972628371
20090514,0.0048541393720798725
20090515,0.014781344546513545
20090516,0.015063715559080964
20090517,0.0202154588545914
20090518,0.02921532605942272
20090519,0.009651193689859979
20090520,0.003736011128355397
20090521,0.0067208369769125335
20090522,0.009221694146784124
20090523,0.002136451511714272
20090524,0.002478430827430778
20090525,0.005609595421106544
20090526,0.018054399568733955
20090527,0.023946900149861342
20090528,0.005825246874550863
20090529,0.004218379274462385
20090530,0.009106975067257083
20090531,0.008231055243012512
20090601,0.0019025228344608713
20090602,0.006379489196847258
20090603,0.0045572020477101976
20090604,8.840636484822521E-4
20090605,6.693464616490006E-4
20090606,0.0021033835643785737
20090607,0.007059863772970769
20090608,0.007886311889427565
20090609,0.02007311650081494
20090610,0.0034614879862969444
20090611,0.0011091410243429722
20090612,0.0011067925119578243
20090613,0.0026419363947063606
20090614,0.011119161401240432
20090615,0.011493771727960263
20090616,0.011770939501988925
20090617,0.004264151028610906
20090618,0.007921358889134058
20090619,0.017253358273709548
20090620,0.012519869153738823
20090621,0.006589952466766716
20090622,0.004672939884479031
20090623,0.0021726325632181725
20090624,0.02440378217794901
20090625,0.017053707982243187
20090626,0.01442274511172395
20090627,0.017074003334433287
20090628,0.0147394701550569
20090629,0.0074872449385605735
20090630,0.029834889419665847
20090701,0.02202934066047953
20090702,0.018142920454947697
20090703,0.010178477864524683
20090704,0.0069379088410498925
20090705,0.008050760058771686
20090706,0.01839105932803124
20090707,0.011957439445494817
20090708,0.01517566700759007
20090709,0.014167257106030232
20090710,0.016914849965188168
20090711,0.011590708787380747
20090712,0.015831892877382764
20090713,0.010139194855283695
20090714,0.009842083707039009
20090715,0.003712651186132543
20090716,0.003796635510441402
20090717,0.012529215485812265
20090718,0.0011737949539518044
20090719,0.001033851906456902
20090720,0.010802843646031816
20090721,0.01734015108590523
20090722,0.007970712454138636
20090723,0.0017804711882927794
20090724,9.967158541686109E-4
20090725,0.010893034571587575
20090726,0.019874946403751412
20090727,0.009152827324900985
20090728,0.007907046477729765
20090729,0.003987652059578013
20090730,0.008617366839573941
20090731,0.012431944527432308
20090801,0.002497048008352359
20090802,0.0014861361266870422
20090803,0.0013080919095744094
20090804,2.5450513212492464E-4
20090805,0.0021575153992738653
20090806,0.0016007752545778573
20090807,7.80598225140745E-4
20090808,0.0035677429617630837
20090809,9.071395541115465E-4
20090810,0.007133743634519278
20090811,0.00176643571533233
20090812,0.004736089521065093
20090813,0.0018950850738449314
20090814,0.007515777259143635
20090815,0.019449924839046118
20090816,0.009878509883120773
20090817,0.014242112430323247
20090818,0.01420562798321272
20090819,0.004406071333117843
20090820,0.0041411072750302
20090821,0.004992189139182829
20090822,0.005597832635743743
20090823,0.019307862473363146
20090824,0.011836971089067536
20090825,0.011956579909203386
20090826,0.013512818438942609
20090827,0.019644831587509373
20090828,0.010621997950030842
20090829,0.012358732782795789
20090830,0.002623723939376764
20090831,0.002239466864699534
20090901,0.007076905409881053
20090902,0.00839951429676912
20090903,0.002692096419494641
20090904,0.0016502859145316726
20090905,0.0022326241320861726
20090906,0.0015749288885291489
20090907,0.002150649026181978
20090908,0.0022993683735102353
20090909,4.944389375880639E-4
20090910,0.0016838269008371586
20090911,9.057972780030795E-4
20090912,0.0022719943858876463
20090913,0.00555896782573676
20090914,0.007535298818381174
20090915,0.0015477838168452087
20090916,0.0042131970028436005
20090917,0.003505427385057868
20090918,0.004656870796008741
20090919,0.008132737567485544
20090920,0.007573597524629289
20090921,0.019762941726124906
20090922,0.004577200158697974
20090923,0.0034986845430290806
20090924,0.00513062069519216
20090925,0.014797687475869823
20090926,0.015481290324772554
20090927,0.0036515269657240224
20090928,0.005470006030486603
20090929,0.005337718273846067
20090930,7.561894334341007E-4
20091001,5.832805091722982E-4
20091002,0.0018332355920475856
20091003,0.0023228550781450186
20091004,0.0032195948764823035
20091005,0.006587402641390321
20091006,0.003186848210225327
20091007,0.014153855380357015
20091008,0.005456894757809351
20091009,0.00819829050986364
20091010,0.005443760907670219
20091011,0.007267944055876321
20091012,0.005031109001876473
20091013,0.010922190982822771
20091014,0.005674719473521571
20091015,0.004780939936579474
20091016,0.0075354546296343096
20091017,0.0016974784678958745
20091018,0.0035038026099231353
20091019,6.250831154101072E-4
20091020,0.0014736213931374573
20091021,0.005438598796425328
20091022,0.014745698738929785
20091023,0.015520024612142368
20091024,0.008017757241220233
20091025,0.004484065781553447
20091026,0.005566307973143564
20091027,0.007873785580573833
20091028,0.008337763319354607
20091029,0.0024102589758726377
20091030,0.005269953193343781
20091031,0.0053004406066303215
20091101,0.00443567586944956
20091102,0.001106178174720416
20091103,0.0022579311477864163
20091104,0.0069126878205405294
20091105,0.0031556802914801587
20091106,0.007911185019455487
20091107,0.0039830401640547014
20091108,0.013846293698098434
20091109,0.009944275330385409
20091110,0.009693097583783403
20091111,0.007809604535268073
20091112,0.0038838600435712914
20091113,0.011098627047581038
20091114,0.016189424483665418
20091115,0.006792237858061903
20091116,0.021210224586243567
20091117,0.0034721523594002626
20091118,0.006636464335257226
20091119,0.01726493692547183
20091120,0.026042896797893768
20091121,0.021502260302697227
20091122,0.019117368073279944
20091123,0.0368910915981707
20091124,0.3263390530649573
20091125,0.078010058457725
20091126,0.0018931535720299038
20091127,0.002184968391527028
20091128,0.001814591035374671
20091129,0.002874821389954356
20091130,2.5414481598124973E-4
20091201,2.4415924553441228E-5
20091202,0.0016005670005770736
20091203,5.246242852913022E-4
20091204,6.181198809226936E-5
20091205,1.7398747690555773E-4
20091206,7.729167849265857E-4
20091207,8.600162933425771E-4
20091208,0.003700060259536467
20091209,0.00329003203475573
20091210,0.0035319173562787932
20091211,0.006664643544846155
20091212,0.005853963272202625
20091213,0.01090193600924213
20091214,0.004522392115081872
20091215,0.006612169489471091
20091216,0.0013850678627930397
20091217,0.006309639984011097
20091218,0.0028632843787604278
20091219,0.006546374964898999
20091220,0.014734509996704125
20091221,0.011577674433820519
20091222,0.003914680113587745
20091223,0.0027602606815194178
20091224,0.007283276484688654
20091225,0.0017292292281973112
20091226,0.001219727982235524
20091227,0.003827590276486729
20091228,0.0027186270740356595
20091229,0.004691526482129709
20091230,0.004291072552382493
20091231,0.013853015823527978
20100101,0.005671995135593451
20100102,0.0038368487886499035
20100103,0.0013501317042250813
20100104,0.0015207328391951202
20100105,0.0021009975304988947
20100106,0.0015237571185045603
20100107,0.0010957487764524793
20100108,0.01927550286244397
20100109,0.004067658853227108
20100110,0.004167989899378873
20100111,0.023553347721498363
20100112,0.01630162203354952
20100113,0.007487792581134517
20100114,0.0056683242465357265
20100115,0.0384163023085419
20100116,0.017969905754959003
20100117,0.00951861236108138
20100118,8.276295559883482E-4
20100119,0.0030968693111232902
20100120,0.009557187136140222
20100121,0.009220598223395732
20100122,0.002718991057232456
20100123,0.012288763712027568
20100124,0.0041970378088105895
20100125,0.0034698335184304542
20100126,0.0016268895002507044
20100127,0.0029148902009154174
20100128,0.0025154843852935884
20100129,0.004710028694506982
20100130,0.04307025023450652
20100131,7.463835446987772E-4
20100201,1.5925474527342398E-4
20100202,0.004934070751495067
20100203,2.959510525635019E-4
20100204,0.0016576578755917047
20100205,5.362306591214976E-4
20100206,4.997308928874589E-5
20100207,5.760770813362123E-5
20100208,6.511175116725485E-4
20100209,0.0015183376996421535
20100210,0.0017649124933283417
20100211,0.002142235451443841
20100212,4.289962674607391E-4
20100213,2.6289755389929877E-4
20100214,0.0016218458532680055
20100215,0.0071921673658750475
20100216,0.0015284014454959233
20100217,0.003980613863220412
20100218,7.947369067185187E-4
20100219,0.005569825176437116
20100220,0.0024416754376501604
20100221,0.002371392941615211
20100222,0.0038193109355257795
20100223,0.0058955244447447324
20100224,0.008004904863304544
20100225,0.0014435225119816225
20100226,0.001140202355666346
20100227,0.0015003043888462
20100228,2.4757263808993245E-4
20100301,5.986658948124191E-4
20100302,0.0036970398715078577
20100303,0.0015804616191886281
20100304,6.8598577215897E-4
20100305,8.959496306896199E-5
20100306,0.0022951876927500064
20100307,0.0016499626389822252
20100308,5.391909672148468E-4
20100309,6.508261652446829E-4
20100310,0.0013254969577091377
20100311,1.6739083835098925E-4
20100312,4.919992215611517E-4
20100313,9.767262480034444E-4
20100314,2.801234421842918E-4
20100315,2.4188659324036682E-4
20100316,0.0010429336325009678
20100317,0.0034726991867680464
20100318,0.004259021923297488
20100319,0.006985177937101555
20100320,0.007663297626591241
20100321,0.018476564904158777
20100322,0.0018618406002563963
20100323,0.0014911123962507709
20100324,0.004624019364575773
20100325,0.0024102043900322214
20100326,0.014582279586053614
20100327,0.004908526132216779
20100328,0.01959394698079488
20100329,0.018819430783297297
20100330,0.00896982988073932
20100331,0.015789139369366267
20100401,0.007791636016281725
20100402,0.0025043728725211516
20100403,0.004045364078461164
20100404,0.0013746833330108266
20100405,0.010282500609354395
20100406,0.0028527595515968522
20100407,0.004553941592569309
20100408,0.00516613039835384
20100409,0.020898931384397502
20100410,0.011907297978095182
20100411,6.880756670798739E-4
20100412,8.93590496158414E-4
20100413,0.02033388061075957
20100414,5.917615240881514E-4
20100415,0.017505908219545865
20100416,9.614827246547218E-4
20100417,0.010708261372148756
20100418,0.01559855622183272
20100419,0.0018376900332449616
20100420,6.24657400767176E-4
20100421,0.0021768391589392245
20100422,2.550120865319755E-4
20100423,9.344410592086793E-4
20100424,9.369472772459143E-4
20100425,1.3464403737206855E-4
20100426,0.009711182759214466
20100427,0.011994068946111379
20100428,0.012024901947615768
20100429,0.0031448663487859603
20100430,0.0024308592785208145
20100501,0.001873891339044796
20100502,0.0011789962919395956
20100503,0.006429870943774132
20100504,0.021462358333271623
20100505,0.0022122759413596934
20100506,0.008342292764232841
20100507,0.004094274642937794
20100508,0.0033566642453288597
20100509,0.003383337313743333
20100510,0.03056154125348626
20100511,0.008576072865597233
20100512,3.829064281463019E-4
20100513,2.6015459845660346E-4
20100514,0.009617792684159732
20100515,0.007342981284236591
20100516,0.004691774444154277
20100517,0.0038128232939650016
20100518,0.02141472002663459
20100519,0.00885168495372042
20100520,5.40826915750133E-4
20100521,0.0011056279763807777
20100522,0.005097618187948408
20100523,0.0039061995262251493
20100524,0.007818057785352887
20100525,0.004887250986461612
20100526,0.015989300637286066
20100527,0.02398458021834094
20100528,0.015854756790742948
20100529,0.009481489287356655
20100530,0.0069652868814064975
20100531,0.010369622153933923
20100601,0.015037942104839335
20100602,0.016873577665648783
20100603,0.010022022596274514
20100604,0.01047504227756896
20100605,0.007399604315238758
20100606,0.01639715826556651
20100607,0.010455897690637908
20100608,0.01420877082068072
20100609,0.022055517442806715
20100610,0.01896416373067976
20100611,0.018930154786234128
20100612,0.014234384305949355
20100613,0.009083470761427839
20100614,0.009539264088951761
20100615,0.0052039546241486245
20100616,0.015865573922528263
20100617,0.02082076193928503
20100618,0.01908939938458203
20100619,0.027008174117949424
20100620,0.02493489920047279
20100621,0.016309750662335237
20100622,0.0052817019876446256
20100623,0.0064698959922388135
20100624,0.01611014442753997
20100625,0.019316507815135987
20100626,0.019704333469384123
20100627,0.016379144579915055
20100628,0.011492793788705224
20100629,0.018909453714568612
20100630,0.017941079859448896
20100701,0.014053187356495028
20100702,0.0069791489044768625
20100703,0.005542847302251177
20100704,0.00568903265123906
20100705,0.006281552597116479
20100706,0.03654321966707304
20100707,0.016044989883480323
20100708,0.010331400549343875
20100709,0.015166290045990042
20100710,0.012210563211966603
20100711,0.01415947515731874
20100712,0.00889014598843467
20100713,0.023078935848157477
20100714,0.01815429539635264
20100715,0.00958721571153827
20100716,0.002342502186339669
20100717,0.0029656251691962733
20100718,0.010453486070926353
20100719,0.018740843450657556
20100720,0.04310303934649353
20100721,0.020857860151313527
20100722,0.03863654839861146
20100723,0.026857836201479624
20100724,0.012613686078075614
20100725,0.013313949198178486
20100726,0.023787619001195158
20100727,0.00993334481612702
20100728,0.013512553877054023
20100729,0.01927720579881514
20100730,0.028833476413713133
20100731,0.019422491492457047
20100801,0.009372054117735062
20100802,0.005307927300570807
20100803,0.0060376160574246735
20100804,0.011311046356875808
20100805,0.02609507060442437
20100806,0.011792990090753776
20100807,0.005878150724262673
20100808,0.013153961738293165
20100809,4.414466306861082E-4
20100810,0.0010597828319152006
20100811,0.024972547011911282
20100812,0.012110684879141893
20100813,0.006933404797284713
20100814,0.006300862859417515
20100815,0.01814667153404305
20100816,0.025280061095258537
20100817,0.008302029028111502
20100818,0.017763539383121106
20100819,0.006416384597744327
20100820,0.004191022104451998
20100821,0.04477075424769317
20100822,0.020371675278380016
20100823,0.012155351507921948
20100824,0.015170537324931638
20100825,0.0069939459111028265
20100826,0.009356219853602044
20100827,0.010778408438383983
20100828,0.007834887386520847
20100829,0.013667542186968645
20100830,0.0018599364788977333
20100831,0.010664375320655369
20100901,0.021512178385752236
20100902,0.01852906519259323
20100903,0.008399166305426399
20100904,0.008331950702538614
20100905,0.012540649704524575
20100906,0.011094551784006701
20100907,0.017032868047824702
20100908,0.01722596492918928
20100909,0.006688116857004641
20100910,0.01156163305326722
20100911,0.032969838272500364
20100912,0.01989986189194399
20100913,0.01861370528859925
20100914,0.014561764317384906
20100915,0.022912243867606315
20100916,0.006255458805159761
20100917,0.011216692165981612
20100918,0.022958079783913
20100919,0.010385505149018896
20100920,0.010876209448775558
20100921,0.012135573482074113
20100922,0.0031411779888587377
20100923,6.420666267448699E-4
20100924,0.009769547025723961
20100925,0.014748757978780962
20100926,0.007200245749495101
20100927,0.017460383113484062
20100928,0.035520652569457925
20100929,0.030554527305405428
20100930,0.027922548262943495
20101001,0.014150531142748108
20101002,0.007859776965473452
20101003,0.009548905530813171
20101004,0.005868119439436562
20101005,0.004630018792161197
20101006,0.007677189654827771
20101007,0.013824473949944217
20101008,0.025592051899015787
20101009,0.02580913302830225
20101010,0.016822755168973753
20101011,0.04167005508582352
20101012,0.014905823767148295
20101013,0.02293004643938709
20101014,0.005585007596696722
20101015,0.007529132541921824
20101016,0.003980129445106655
20101017,0.0023795965870352575
20101018,0.006145805039535665
20101019,0.004753191443377114
20101020,0.001869368445804404
20101021,0.008521177370091365
20101022,0.010088040258884084
20101023,0.005812104468684862
20101024,0.0019675676986889057
20101025,0.014739577250436004
20101026,0.01866356640235429
20101027,0.019314847969996607
20101028,0.020376345175289495
20101029,0.013206610247231536
20101030,0.01228641998156647
20101031,0.020863529729649027
20101101,0.024622915949194503
20101102,0.013144612431347976
20101103,0.0023304953951068016
20101104,0.009622720412906566
20101105,0.012968887627099886
20101106,0.011267230661066887
20101107,0.006384370910802585
20101108,0.01163043377112717
20101109,0.027173620614122523
20101110,0.003145053860705535
20101111,0.014483407324651927
20101112,0.006298572943358043
20101113,0.002434672902000631
20101114,0.006943894151924369
20101115,0.011208078657844591
20101116,0.011588757886731745
20101117,0.00592954265064291
20101118,0.011684999376501125
20101119,0.004785049125608626
20101120,0.017388719757916817
20101121,0.018727747861742153
20101122,0.02335850290775114
20101123,0.008653918009922306
20101124,0.0067416196431226505
20101125,0.004428706703923907
20101126,0.016445227019922053
20101127,0.017171990700471568
20101128,0.005731014252858245
20101129,0.006148883306226401
20101130,0.0030878445191088225
20101201,0.001631616666697022
20101202,0.006738358974231923
20101203,0.021172900848366864
20101204,0.0012768873263116715
20101205,0.004586902090832087
20101206,0.03322130400777391
20101207,0.02471461457693933
20101208,0.01970242762977345
20101209,0.008877366100690056
20101210,0.01319099936609604
20101211,0.011088600213076692
20101212,0.017882412793712398
20101213,0.0053294859571846685
20101214,0.0017091151465831005
20101215,0.00733878394820785
20101216,0.006400685373077628
20101217,0.0024278611041658607
20101218,0.0019895429365751395
20101219,0.00961211115857447
20101220,0.008540154174989911
20101221,0.015447333594099937
20101222,0.018464767709458103
20101223,0.004109174057904308
20101224,0.014548803754286199
20101225,0.00417164102529492
20101226,0.007502047822578015
20101227,0.0053368836842534175
20101228,0.003190454298111531
20101229,0.011123468872172262
20101230,0.006356453838513234
20101231,0.010965282516098194
20110101,0.012100010512620628
20110102,0.04459887768129282
20110103,0.01816794702882889
20110104,0.010608455989039457
20110105,0.011279166864394013
20110106,0.011244587457666143
20110107,0.003104974415889965
20110108,0.007648794073615222
20110109,0.004193527511701281
20110110,0.003216882489673901
20110111,0.0094242651339661
20110112,0.013379497586601962
20110113,0.01830626399873436
20110114,0.01727879707664952
20110115,0.022124680703319757
20110116,0.007080852655330195
20110117,0.01866268751878976
20110118,0.00617154131800461
20110119,0.02809672718967099
20110120,0.00915080959538391
20110121,0.004122417641974073
20110122,0.007151773009643264
20110123,0.004744260637899297
20110124,0.007573357504927926
20110125,0.006399982692104942
20110126,0.007351825033089229
20110127,0.007808459918498256
20110128,0.023202010893188674
20110129,0.017528467073107856
20110130,0.032276462862192365
20110131,0.05565776747308141
20110201,0.0695241672413785
20110202,0.03198903266131004
20110203,0.009357305524001191
20110204,0.01368505649489937
20110205,0.035990039641461816
20110206,0.01435645435469861
20110207,0.013853982573137474
20110208,0.009151522811002196
20110209,0.01749583101728737
20110210,0.014006544039971187
20110211,0.018611115127488396
20110212,0.013220779777946674
20110213,0.03241815954725541
20110214,0.008256582846626222
20110215,0.006215978863721996
20110216,0.012304353127046393
20110217,0.021990044421745503
20110218,0.009627570405978437
20110219,0.0100799276629016
20110220,0.00943659962576389
20110221,0.009109589129976333
20110222,0.029411243982273703
20110223,0.0037056211151055103
20110224,2.7597058067573314E-4
20110225,0.004471176526755379
20110226,0.004749688995093734
20110227,0.027653746702338798
20110228,0.007257430545041691
20110301,0.008415565295925133
20110302,0.024074982245884096
20110303,0.027034774397905508
20110304,0.010870842661871003
20110305,0.006799420305239384
20110306,0.01714721213241798
20110307,0.01649868194290787
20110308,0.017985911334721015
20110309,0.020162891288384555
20110310,0.00739624564278289
20110311,0.0143660289907684
20110312,0.008959950753893582
20110313,0.002243502912336838
20110314,0.019866155892382636
20110315,0.028620118632149028
20110316,0.014390838098479655
20110317,0.008823529892055202
20110318,0.016758358052600578
20110319,0.011413411607451351
20110320,0.006625687478184744
20110321,0.009521937019880331
20110322,0.0039958032601041145
20110323,0.013433526631137616
20110324,0.10565371293261382
20110325,0.008513087688351347
20110326,0.016061100166140985
20110327,0.003454573545705578
20110328,0.003149597895190058
20110329,0.011667075765520464
20110330,0.0020030292926461074
20110331,0.005615153153915491
20110401,0.017846947506946195
20110402,0.0028093677557678633
20110403,6.685077586402923E-4
20110404,0.001170760536276943
20110405,0.00324971800519957
20110406,0.018448877934756466
20110407,0.017096352047851537
20110408,0.006575530760313592
20110409,0.0035797974075903413
20110410,0.003335513857856537
20110411,0.006610447441761706
20110412,0.013318101071253162
20110413,0.018558279490314553
20110414,0.006998184595118248
20110415,0.015121383659653443
20110416,0.005382056190589291
20110417,0.0018447606517977189
20110418,0.006401406705847336
20110419,0.009102620700788398
20110420,0.01564657600579503
20110421,0.024340863633480838
20110422,0.026371379550420737
20110423,0.015050432194368454
20110424,0.016042636320420096
20110425,0.014707181837725469
20110426,0.006369528280212689
20110427,0.0032632166368850536
20110428,0.014677699767368485
20110429,0.012326959700867498
20110430,0.005216514387038068
20110501,0.019098754740330705
20110502,0.007806343738373081
20110503,0.019631157443856326
20110504,0.04481932744507121
20110505,0.0022914067971414294
20110506,7.601234593116907E-4
20110507,0.00558670604938483
20110508,0.014731392647660203
20110509,0.017608252250455793
20110510,0.029555203216418195
20110511,0.008216684866441707
20110512,0.02044477023358911
20110513,0.006359845603041004
20110514,0.012561357458196651
20110515,0.009520761575053419
20110516,0.010569344259132264
20110517,0.012611107411775223
20110518,0.014699199182394583
20110519,0.011719545124940686
20110520,0.016139520507367774
20110521,0.015961766978652977
20110522,0.016234590118040074
20110523,0.021904635291698105
20110524,0.0071447051395404915
20110525,0.008045589009341055
20110526,0.005969651838998098
20110527,0.004622592064502386
20110528,0.017474581187615076
20110529,0.009441840998755464
20110530,0.030400654410675604
20110531,0.024002659472822957
20110601,0.09533122644071002
20110602,0.019665008116225288
20110603,0.027494892211878626
20110604,0.004611666431788621
20110605,0.008699568354825103
20110606,0.03492642354407918
20110607,0.01819593605521182
20110608,0.03340278289081867
20110609,0.03688476609597922
20110610,0.011424812340081516
20110611,0.022973469895912903
20110612,0.018383466881672018
20110613,0.018018388286137835
20110614,0.005574000829892762
20110615,0.00858086786969181
20110616,0.01095452335235717
20110617,0.012126510827774668
20110618,0.010967832012916458
20110619,0.010732575735116759
20110620,0.0028978442620617457
20110621,0.0033683179103321703
20110622,0.0028720621820405396
20110623,0.0016138026300353255
20110624,0.005626994092144347
20110625,0.001491854079438441
20110626,0.001883166296976128
20110627,0.00473934175460637
20110628,0.014221589669773943
20110629,0.07660944618293607
20110630,0.028536265362315637
20110701,0.02122903297205203
20110702,0.02186828644989609
20110703,0.020246625596929062
20110704,0.02564669667271302
20110705,0.008574140742939315
20110706,0.012135045012133012
20110707,0.002776106018380093
20110708,0.00527241639681819
20110709,0.001588097719299946
20110710,6.864003621768345E-4
20110711,0.004240129363029431
20110712,0.014573323851248146
20110713,0.036678270558908016
20110714,0.010953492102625672
20110715,0.006462622896057555
20110716,0.001472225145056604
20110717,0.006332812665158143
20110718,0.009449460973969105
20110719,0.0029855295489500254
20110720,0.006960506609989056
20110721,0.005968122423103899
20110722,0.011724204160927714
20110723,0.005994903704147828
20110724,0.0030017100035732405
20110725,0.004703605869485826
20110726,0.0027209712548701644
20110727,0.0033787152120569744
20110728,0.004980527267825065
20110729,0.003565143986912431
20110730,0.0021127055633592177
20110731,9.821747450174932E-4
20110801,0.00766611418043171
20110802,0.0034175008165396497
20110803,0.0014521278348943536
20110804,0.002271199904167757
20110805,0.008982751438268259
20110806,0.0034535340784613714
20110807,0.004067113744288127
20110808,0.0018242765624726393
20110809,0.003502668093794581
20110810,0.007973154970481563
20110811,0.005642320666312866
20110812,0.025861332623170336
20110813,0.026770899197784113
20110814,0.01885245870210618
20110815,0.01761045572398055
20110816,0.023227185320895946
20110817,0.01365889380558913
20110818,0.019247240284869724
20110819,0.006334737762885173
20110820,0.021744614298471944
20110821,0.014242053951284682
20110822,0.01544693297628708
20110823,0.006157877176975718
20110824,0.004080079072194807
20110825,0.007558231024967633
20110826,0.00989350547549588
20110827,0.01919858304373784
20110828,0.033575942194791514
20110829,0.015672949084135898
20110830,0.010917732252971596
20110831,0.014709850293687926
20110901,0.01094620970733975
20110902,0.0015114296898624553
20110903,0.006026370971621771
20110904,0.012067704139119513
20110905,0.015057334404278049
20110906,0.0043438232228316135
20110907,0.00788926459248382
20110908,0.00863808529222421
20110909,0.01860457971565762
20110910,0.05686917861990003
20110911,0.007112793056137059
20110912,0.0017698222892299624
20110913,0.0075258181215043475
20110914,0.009237830628234292
20110915,0.01548802840390925
20110916,0.017563134838735252
20110917,0.017438728396421556
20110918,0.0048819369699483845
20110919,0.014241376888617737
20110920,0.008269966254652424
20110921,0.0061512532037184394
20110922,0.014300001006327409
20110923,0.009480937182056682
20110924,0.001557774141602759
20110925,2.727956937664489E-4
20110926,6.103039380311138E-4
20110927,0.005589519958691651
20110928,0.006360773193847094
20110929,0.0027277413959720925
20110930,0.0016707221041253233
20111001,0.006118311725461014
20111002,0.005581995305818262
20111003,0.010406042135523782
20111004,0.0036160398652567466
20111005,0.0023503786568829115
20111006,0.010147609944128373
20111007,0.027129786152920516
20111008,0.026614558410853507
20111009,0.007818404639222069
20111010,0.02259022972311758
20111011,0.051378166334833296
20111012,0.003788742277887552
20111013,0.012593624367439547
20111014,0.009538887284812555
20111015,0.01802401141358179
20111016,0.008035128179243482
20111017,0.008536423065260533
20111018,0.020708476712749373
20111019,0.003331218091398007
20111020,0.00918629163555724
20111021,0.007373757301326148
20111022,0.007989055479218438
20111023,0.003069581607701969
20111024,0.009375154314213206
20111025,0.0018967786081273879
20111026,0.0019215194458623902
20111027,0.002182839769047652
20111028,0.0024650617374676158
20111029,0.0018226077491589672
20111030,0.024773581088254323
20111031,0.014901616047374503
20111101,0.013668569196822461
20111102,0.02927474066309329
20111103,0.009417532524656594
20111104,0.008797661453619604
20111105,0.0034019064499370296
20111106,0.030735979492646996
20111107,0.025547173917932924
20111108,0.004013830119819076
20111109,0.001392596552084224
20111110,0.007868344291722154
20111111,0.005617354417638644
20111112,0.006242077839097405
20111113,0.009604601723937468
20111114,0.015701719084202863
20111115,0.008969892557377864
20111116,0.008121297785905925
20111117,0.0072870323893298615
20111118,0.0027402308142560707
20111119,0.0016938332406757405
20111120,0.005844104676083309
20111121,0.0027018571354905565
20111122,0.006312475256696377
20111123,0.0036325386023075426
20111124,0.010523295955679149
20111125,0.0052266154694084405
20111126,0.0028812026937694636
20111127,0.019927320109647925
20111128,0.010138587147477843
20111129,0.0035738341810198438
20111130,0.013098498551602372
20111201,0.014522595653359036
20111202,0.019334762311517383
20111203,0.011693783318654047
20111204,0.021790159973553543
20111205,0.014878966632414899
20111206,0.01091088596502442
20111207,0.02138269971817108
20111208,0.016793948721361286
20111209,0.01960234357436537
20111210,3.5768138402576745E-4
20111211,6.868667580080725E-4
20111212,0.002537596829506013
20111213,0.00309771995973814
20111214,0.005565103119226348
20111215,0.004080449793111015
20111216,0.07014244533096675
20111217,0.010142251394635354
20111218,0.007372225990941815
20111219,0.001167670021349246
20111220,0.009602338468932948
20111221,0.0010723489450341964
20111222,0.004282833659934794
20111223,0.007368813751942538
20111224,0.002021006930851953
20111225,0.013875644922300786
20111226,0.021676012042191207
20111227,9.27200773868188E-4
20111228,0.0011619230718901035
20111229,0.008345915322723708
20111230,0.007970298612887467
20111231,0.006055727774317381
20120101,0.006348817210866457
20120102,0.004034516165625394
20120103,0.013782554109330204
20120104,0.025369656933121335
20120105,0.014263820990591446
20120106,0.002564136017906189
20120107,0.009875714544074708
20120108,0.008077209874271738
20120109,0.0045411111986522965
20120110,0.0024857759959873295
20120111,0.0022067249077163038
20120112,0.015409737214582633
20120113,0.026615556846114715
20120114,0.013107244849882274
20120115,0.012276814789607892
20120116,0.010146585978274609
20120117,0.00783111013453352
20120118,0.017556574365092482
20120119,0.0028085819165166825
20120120,0.009706895153002004
20120121,0.008768163466915967
20120122,0.0013269424407116829
20120123,0.0017430416330282354
20120124,8.015999364587914E-4
20120125,0.0011968948270357615
20120126,0.0032214001464198013
20120127,0.00468021129847712
20120128,0.0051544853689531505
20120129,0.007229692022006624
20120130,0.00223236368960618
20120131,5.722205044657203E-4
20120201,0.0018328329439722163
20120202,0.008978661170162475
20120203,0.010860200586675391
20120204,6.291644485261063E-4
20120205,0.034344498473134
20120206,0.011920640318963968
20120207,0.00265102900027659
20120208,0.005041484362892144
20120209,0.009978481808483824
20120210,0.005642532701975019
20120211,0.030267793214997327
20120212,0.016572904989032907
20120213,0.02208296697920453
20120214,0.02217598352501281
20120215,0.07807230024956213
20120216,0.014120453730011506
20120217,0.0101325958660865
20120218,0.02432884914775717
20120219,0.029682873601224458
20120220,0.0147619244478533
20120221,0.0185433071733631
20120222,0.008734697451010347
20120223,0.005135440325008131
20120224,0.0042370418709870225
20120225,0.012889325458853646
20120226,0.00910936292064864
20120227,0.01444118637902148
20120228,0.014662449185028553
20120229,8.869545337941832E-4
20120301,0.005578345543140091
20120302,8.242864831103466E-4
20120303,0.001585285331805888
20120304,0.0017477237018739917
20120305,0.002416002857293727
20120306,0.002170102077047665
20120307,0.01238983065074087
20120308,0.002014453826581658
20120309,7.533076382494415E-4
20120310,0.0028065117324844137
20120311,0.005596031978443002
20120312,0.0013687033519917105
20120313,0.002076700861622749
20120314,0.001927865727058205
20120315,0.001600062316408153
20120316,0.0025643587994266057
20120317,0.010415416757490097
20120318,0.007757473891238404
20120319,0.004325778271646621
20120320,0.014503869596232231
20120321,0.035621790239796065
20120322,0.03801438443965991
20120323,0.023439840838090767
20120324,0.00752948473468473
20120325,0.001377904235294358
20120326,0.02182853425887166
20120327,0.02015171563960343
20120328,0.024251188584480145
20120329,0.017570863919898507
20120330,0.011224812428353803
20120331,0.009761438371033894
20120401,0.014708690417562318
20120402,0.004707094951953883
20120403,0.0017828420799630266
20120404,0.001648672097062773
20120405,0.0035457058471894762
20120406,0.004940721244042984
20120407,0.005358745343033558
20120408,0.010277561540427308
20120409,0.014369589082839812
20120410,0.012215388934519667
20120411,0.00607118078948747
20120412,0.021857508203109825
20120413,0.00238972470636303
20120414,0.003491547780505146
20120415,0.004919574258729584
20120416,0.01576248941654533
20120417,0.009650347513017077
20120418,0.0073812254881236794
20120419,0.0018976448015703134
20120420,0.009016363665249381
20120421,0.027845157452943445
20120422,0.026303799639675992
20120423,0.019056238300438167
20120424,0.005584333323458512
20120425,0.004550879077063148
20120426,0.005834905314209417
20120427,0.002213852608462688
20120428,0.014510459762151694
20120429,0.004023165061350571
20120430,0.00989651381442686
20120501,0.02055873189340446
20120502,0.01501965832841354
20120503,0.004679005257044105
20120504,0.0037181189350080105
20120505,0.002267209884365632
20120506,0.0026317093222120594
20120507,0.006907121996562774
20120508,0.011058922172024397
20120509,0.01706087892552739
20120510,0.05253604689455708
20120511,0.026040765822846843
20120512,0.021328251900513313
20120513,0.02052268596663154
20120514,0.017510522651915113
20120515,0.010287021533386932
20120516,0.017242454735595065
20120517,0.010319429560522321
20120518,0.03547085045964999
20120519,0.01487161664886636
20120520,0.016225215977744796
20120521,0.01641916800245537
20120522,0.0059246715472037305
20120523,0.006379651819718243
20120524,0.05139551350910682
20120525,0.015667999839318176
20120526,0.013367540941795713
20120527,0.0049305686968854085
20120528,0.01033121022986874
20120529,0.012406877313513755
20120530,0.016938825160658415
20120531,0.0184781458630408
20120601,0.013840618237811398
20120602,0.017266721680613054
20120603,0.00650496857734062
20120604,0.006519882869416995
20120605,0.013775788554030811
20120606,0.013799362654667576
20120607,0.015189436457934902
20120608,0.010593664141932092
20120609,0.003843893073311683
20120610,0.013448457139376804
20120611,0.007033170334635197
20120612,0.013392317776741604
20120613,0.007706004089442205
20120614,0.00564649011288067
20120615,0.012656923490444874
20120616,0.0014587538297955254
20120617,0.001176179015330217
20120618,0.0034006609081496213
20120619,0.004665344477530146
20120620,0.016651785494022586
20120621,2.7438500576284504E-4
20120622,3.5986093085532445E-4
20120623,0.0050102068451022864
20120624,0.002807019563140616
20120625,0.004835177327857414
20120626,0.004737542048951653
20120627,0.005019172676679328
20120628,0.01279939945824143
20120629,0.007792951653541816
20120630,0.0047596603783013605
20120701,0.0233155198797744
20120702,0.007049591870350144
20120703,0.01641778559950294
20120704,0.01280377618540926
20120705,0.02161841589463492
20120706,0.013741637154993585
20120707,0.022233338764930437
20120708,0.025562469305623933
20120709,0.05391942078860465
20120710,0.02022667610128764
20120711,0.022985055144492433
20120712,0.015763592465955642
20120713,0.026456100876704094
20120714,0.02241361336590323
20120715,0.021234401242390084
20120716,0.007614467470483637
20120717,0.011427065435861179
20120718,0.008797939752547937
20120719,0.020460189016718006
20120720,0.012003508245131354
20120721,0.0046173446071362855
20120722,0.005331563406026923
20120723,0.009732611703555683
20120724,0.001405809914053371
20120725,0.004357956937793716
20120726,0.005717760120767085
20120727,0.006944011213299434
20120728,0.003529674533491989
20120729,0.0028748105389008226
20120730,0.001450143834782924
20120731,0.006163231461542546
20120801,0.0014106649137390398
20120802,8.015964348243903E-4
20120803,0.001993796494714041
20120804,0.0010783924563193786
20120805,0.0018045429327536602
20120806,0.008580996989300463
20120807,0.007285701135972676
20120808,0.0020988053260909455
20120809,5.669065287523694E-4
20120810,0.001998848948911454
20120811,0.007167356557424081
20120812,0.0015155709066672369
20120813,0.002402431411966515
20120814,0.0034800164048335485
20120815,0.00861195585247723
20120816,0.009771821745063265
20120817,0.009429079540094941
20120818,0.014378402606801883
20120819,0.012027804526219597
20120820,0.011025367788889857
20120821,0.012161193753154638
20120822,0.01369103416310146
20120823,0.009891755716828703
20120824,0.019860745736881985
20120825,0.020817629745176324
20120826,0.01712234664572541
20120827,0.0128664664823955
20120828,0.0060478886916457255
20120829,0.013799088078636754
20120830,0.011569574470299437
20120831,0.019804684830049792
20120901,0.02803548574241051
20120902,0.014297373315928435
20120903,0.007118812051613398
20120904,0.004323470253572644
20120905,0.02694844134854005
20120906,0.009527260178181726
20120907,0.01583084226362118
20120908,0.017601541288896492
20120909,0.029868110228950286
20120910,0.019905329876281932
20120911,0.025358961930077476
20120912,0.003678630975296404
20120913,0.0026943875479453782
20120914,0.0013847807952146608
20120915,0.0044070216288527135
20120916,0.005064516902131039
20120917,0.0057552564885093235
20120918,0.017721193009027005
20120919,0.026039363268642667
20120920,0.014642522438380302
20120921,0.007047532590419761
20120922,0.014826676017708663
20120923,0.013475349892115945
20120924,0.008630809204840663
20120925,0.0025756675614872285
20120926,0.0028002644661276246
20120927,0.006430903128729503
20120928,0.007982057838715025
20120929,8.678569446210046E-4
20120930,0.0021275544005541114
20121001,0.003938704205422111
20121002,0.01077502732079872
20121003,0.004164478713461783
20121004,0.004194192163242426
20121005,0.004143704790393915
20121006,0.014284513925180695
20121007,0.002449000422392776
20121008,0.011185736130088579
20121009,0.010736620120414903
20121010,0.009240311522301507
20121011,0.007146001455384452
20121012,0.010784146796213258
20121013,0.004130174672096756
20121014,0.00584052568179055
20121015,0.007693702596151877
20121016,0.013744913620681235
20121017,0.01578850007580012
20121018,0.011618425236002124
20121019,0.011453027685149351
20121020,0.0289115122426811
20121021,0.0110145043648255
20121022,0.014027001257568878
20121023,0.022828761456069817
20121024,0.03396329310453365
20121025,0.01118718429982461
20121026,0.014076091481515705
20121027,0.01139979470904522
20121028,0.012275017695513578
20121029,0.004028016886523455
20121030,0.007712881775725171
20121031,0.01168052739317808
20121101,0.005902220664738864
20121102,0.0051577231943385525
20121103,0.004117536657093491
20121104,0.02163702436019366
20121105,0.008796466284543497
20121106,0.011255978581077146
20121107,0.02429281316556344
20121108,0.019790960195566414
20121109,0.0019334357601092117
20121110,0.003415520154443383
20121111,0.029994705622962303
20121112,0.02012893083931261
20121113,0.019212563410080295
20121114,0.021058313716555185
20121115,0.012701377356776287
20121116,0.0038227664509307103
20121117,0.0029703201520094517
20121118,0.0025249463895437663
20121119,0.014415911673171794
20121120,0.032410918591039804
20121121,8.69331412052485E-4
20121122,0.0013655072938925092
20121123,0.002392861877293335
20121124,0.0030970903350481358
20121125,0.00239420882267533
20121126,0.0019797694229464614
20121127,0.0037985036091682197
20121128,0.001074342833583678
20121129,5.454129336422409E-4
20121130,0.0018509030264490152
20121201,0.0020862358619915602
20121202,2.2793750800524483E-4
20121203,0.020511813966045803
20121204,0.08742457371743861
20121205,0.00935163951766751
20121206,0.006933162715179055
20121207,0.007575026165984239
20121208,0.02061119371841366
20121209,0.007804697683453842
20121210,0.004505170209801254
20121211,0.003244847413508678
20121212,0.0027115584273151375
20121213,0.0011296639751597298
20121214,4.823215722735183E-4
20121215,0.004954968608130664
20121216,6.748724969609895E-4
20121217,0.003083164876529921
20121218,0.004151708740647848
20121219,0.002902808503860772
20121220,0.008621041273296418
20121221,0.002809634999454792
20121222,0.00869359067648494
20121223,0.004124762156604204
20121224,0.0025680452004460566
20121225,0.0013275158994145143
20121226,0.02280572287889485
20121227,0.007500763760791211
20121228,0.0011061261863966009
20121229,0.0013977577770664447
20121230,0.002968723029622556
