system:index,total_evaporation_sum
20030101,-0.003658237886544831
20030102,-0.004198848114905123
20030103,-0.0024291510899854944
20030104,-0.003572054802425918
20030105,-0.0036512967036260975
20030106,-0.002629602820555796
20030107,-0.001968177503597777
20030108,-0.003111585978815504
20030109,-0.004159733167906945
20030110,-0.003369203681764815
20030111,-0.004352668748491895
20030112,-0.004131504100328343
20030113,-0.0041542983033799165
20030114,-0.004231797188232385
20030115,-0.003947835388826539
20030116,-0.0034208539339209525
20030117,-0.0027182850372392915
20030118,-0.0035211176459169565
20030119,-0.003469108092572898
20030120,-0.002680825625342566
20030121,-0.0035611224214038254
20030122,-0.003293411231698568
20030123,-0.0027676369857388356
20030124,-0.0029885768805330477
20030125,-0.003337385391732358
20030126,-0.0032815660340534524
20030127,-0.0032599728863462888
20030128,-0.004268645093160171
20030129,-0.003968601470329549
20030130,-0.004079209919443625
20030131,-0.003980533962891087
20030201,-0.0039874096987954025
20030202,-0.003490057177850391
20030203,-0.0031234647369391137
20030204,-0.0025796636709696785
20030205,-0.001984817660661252
20030206,-0.0024473723446515796
20030207,-0.0033257928576087966
20030208,-0.004193378822429196
20030209,-0.003981545336283132
20030210,-0.002996719054685228
20030211,-0.005210940120541391
20030212,-0.004453320986970781
20030213,-0.003981855264597766
20030214,-0.004789640012219009
20030215,-0.0044070088148544075
20030216,-0.0044085392267372
20030217,-0.004692358071991421
20030218,-0.004582242002991384
20030219,-0.0021994738729867666
20030220,-0.003393998161667432
20030221,-0.00386989925480268
20030222,-0.0041074300456102495
20030223,-0.0038054633744665158
20030224,-0.003463074031858546
20030225,-0.004202039664266147
20030226,-0.0032335432158018228
20030227,-0.00416620429007223
20030228,-0.0039047390492632996
20030301,-0.00457803130525023
20030302,-0.004016940791304484
20030303,-0.004105601385535483
20030304,-0.003955122562857437
20030305,-0.0037565401577224597
20030306,-0.004267279422572774
20030307,-0.004131233346754577
20030308,-0.005162981188476181
20030309,-0.004508329988153016
20030310,-0.003959862646762122
20030311,-0.004176454483218374
20030312,-0.004502654264766537
20030313,-0.00368931393355343
20030314,-0.003934390623798838
20030315,-0.0025711538097167906
20030316,-0.0046091767182408995
20030317,-0.005270057417257596
20030318,-0.004567260507240571
20030319,-0.003303783336310147
20030320,-0.0036343194643979303
20030321,-0.004231165035024689
20030322,-0.0029599141440554626
20030323,-0.004489194708285504
20030324,-0.004612030685396414
20030325,-0.004154304807376079
20030326,-0.004552215549286752
20030327,-0.0031889073316468007
20030328,-0.00328212010768713
20030329,-0.00412608439796735
20030330,-0.004805581371019073
20030331,-0.004803336812513553
20030401,-0.004905205047425386
20030402,-0.004842908885804891
20030403,-0.004281980058283136
20030404,-0.004595653420847974
20030405,-0.00505369511050169
20030406,-0.004781765151473231
20030407,-0.005445292299073695
20030408,-0.005097084125728849
20030409,-0.005213624487793808
20030410,-0.004777132204268609
20030411,-0.005108623113091501
20030412,-0.005123806681240267
20030413,-0.004881484865379381
20030414,-0.005038237338539367
20030415,-0.00468684858280915
20030416,-0.004791527376727892
20030417,-0.004335545706495457
20030418,-0.004908313684033285
20030419,-0.005478686070767076
20030420,-0.004871701757679369
20030421,-0.004892236544461422
20030422,-0.005112466672471802
20030423,-0.004642673759508543
20030424,-0.004258444423606157
20030425,-0.004014858846452714
20030426,-0.004770710407749422
20030427,-0.004524614215265151
20030428,-0.004812910588541591
20030429,-0.004184404109332538
20030430,-0.004070114471288635
20030501,-0.002305123229215542
20030502,-0.0035576376667832265
20030503,-0.0038857933485196075
20030504,-0.0039022705258718615
20030505,-0.004592982907576319
20030506,-0.003952145037341589
20030507,-0.00445970017447847
20030508,-0.004164860026632088
20030509,-0.0034568333506571746
20030510,-0.002216395716271026
20030511,-0.002096459685012931
20030512,-0.0038720482184588165
20030513,-0.0032584265700427322
20030514,-0.004409985569586096
20030515,-0.004122242046839125
20030516,-0.00292441575090362
20030517,-0.0013747511662555256
20030518,-0.0033770279594024844
20030519,-0.0027553661025048934
20030520,-0.0031857553599740768
20030521,-0.003201804441326269
20030522,-0.004084881937304021
20030523,-0.0035057313453141455
20030524,-0.0043790769248092925
20030525,-0.0049487490059127405
20030526,-0.005307163464356288
20030527,-0.005219661914039307
20030528,-0.004543022814126283
20030529,-0.0046267523223218286
20030530,-0.00508343312230703
20030531,-0.005023272393170633
20030601,-0.005256788479192413
20030602,-0.005046405845810999
20030603,-0.004860443581717111
20030604,-0.004706956250350079
20030605,-0.004575589671982243
20030606,-0.0047730942812128935
20030607,-0.004894348998588761
20030608,-0.0040660945567915574
20030609,-0.0041749986116978825
20030610,-0.00387851147581933
20030611,-0.003975301409843381
20030612,-0.0038317610517214933
20030613,-0.0018552912456103214
20030614,-0.00241221722128769
20030615,-0.003979775612827388
20030616,-0.003386853505189635
20030617,-0.004219565228498012
20030618,-0.003950153681788043
20030619,-0.004388583790488784
20030620,-0.004152791929409999
20030621,-0.00353569094519194
20030622,-0.003024979763528042
20030623,-0.0034941130450655057
20030624,-0.0036863992742415404
20030625,-0.00468621050803085
20030626,-0.004328979703139298
20030627,-0.0034088883070028026
20030628,-0.0020138543804722126
20030629,-0.0029092078271462144
20030630,-0.004461891515720311
20030701,-0.0037863905552708165
20030702,-0.003649770317490671
20030703,-0.004141701725121832
20030704,-0.0038281301873774767
20030705,-0.003934245691601972
20030706,-0.0035056926962848765
20030707,-0.002978983412592616
20030708,-0.003664275530159036
20030709,-0.004327984506382036
20030710,-0.004229360860964743
20030711,-0.004206546805671482
20030712,-0.0038926588547494954
20030713,-0.004211041594813189
20030714,-0.003960118561855046
20030715,-0.0031202745263508693
20030716,-0.004034117114729579
20030717,-0.0029886932570230957
20030718,-0.0028121116102437604
20030719,-0.0024596398855378063
20030720,-0.0023036440892016717
20030721,-0.0020696724590041496
20030722,-0.0031879585560003307
20030723,-0.0038558851399176186
20030724,-0.004350367641281982
20030725,-0.0018252185704262036
20030726,-0.0041366966357498924
20030727,-0.004392261530861763
20030728,-0.004973848021140012
20030729,-0.0039053190436905295
20030730,-0.001441616053152306
20030731,-0.0032257432124049574
20030801,-0.0037425967806688125
20030802,-0.003466284687060749
20030803,-0.0039657190935509755
20030804,-0.004403116051614229
20030805,-0.004331305523515765
20030806,-0.004864537155606418
20030807,-0.004359013256403198
20030808,-0.004253882181077408
20030809,-0.004556379957010728
20030810,-0.004298823578995732
20030811,-0.004295695156478132
20030812,-0.004151654592367966
20030813,-0.003793725857932514
20030814,-0.0038713457861539583
20030815,-0.0038339079984371235
20030816,-0.00415780075859907
20030817,-0.0042100873004693555
20030818,-0.00408598940320105
20030819,-0.003656879749385785
20030820,-0.004190929993550225
20030821,-0.004814261355609198
20030822,-0.00449028310773948
20030823,-0.004132415155946284
20030824,-0.004715661272898847
20030825,-0.004472606071184098
20030826,-0.0030891958337578114
20030827,-0.002677451467492766
20030828,-0.0040653501798602045
20030829,-0.004319773645700927
20030830,-0.00481210968103361
20030831,-0.004370004694904615
20030901,-0.003608703785618358
20030902,-0.005212243831614979
20030903,-0.003833774859753043
20030904,-0.003537501669389586
20030905,-0.004495431543005158
20030906,-0.004579332394773623
20030907,-0.003616221849785836
20030908,-0.003366639623078335
20030909,-0.0035948828607317543
20030910,-0.0037940847549869966
20030911,-0.0032956108129720135
20030912,-0.004300645907472139
20030913,-0.003499534909449718
20030914,-0.0044742465621332465
20030915,-0.003627511835257962
20030916,-0.003707413239125813
20030917,-0.003957624851023419
20030918,-0.0034037452952337174
20030919,-0.0036507750976680683
20030920,-0.004063636545300623
20030921,-0.003739515547900853
20030922,-0.0037820059186208154
20030923,-0.00349470660718851
20030924,-0.003882262865782079
20030925,-0.004368195462905741
20030926,-0.004531391779306106
20030927,-0.003775205551670229
20030928,-0.0038250629912499464
20030929,-0.0034669670595944015
20030930,-0.0031303858471380544
20031001,-0.0030786401314849146
20031002,-0.0035405749075291693
20031003,-0.0028234989928991355
20031004,-0.002359380951309297
20031005,-0.004619368780077883
20031006,-0.004209869088813067
20031007,-0.004674488361847903
20031008,-0.004244301486979862
20031009,-0.004277680776525758
20031010,-0.004050037143078223
20031011,-0.0037944019369306452
20031012,-0.003716016904806782
20031013,-0.003941811105555459
20031014,-0.004311203729865482
20031015,-0.0037670321086977956
20031016,-0.003740571595982427
20031017,-0.003122258305496118
20031018,-0.0017673379830158357
20031019,-0.0029252714253290802
20031020,-0.0028194952350220855
20031021,-0.0033777593727979394
20031022,-0.003912785349298713
20031023,-0.001952636509750038
20031024,-0.002780427516283144
20031025,-0.0019836466129922363
20031026,-0.0028496229270939966
20031027,-0.003402863520731831
20031028,-0.004238341606029794
20031029,-0.003895224389255913
20031030,-0.003814822462318035
20031031,-0.003855397890511458
20031101,-0.004648818669097683
20031102,-0.004304140829579314
20031103,-0.0029056315916769224
20031104,-0.0035782834535219793
20031105,-0.003703442911800924
20031106,-0.004025831720512197
20031107,-0.003594654734747703
20031108,-0.0034388579506523654
20031109,-0.0025309644695642023
20031110,-0.0037127244446154054
20031111,-0.003966003163732175
20031112,-0.003958269059986234
20031113,-0.0028491465313244214
20031114,-0.004313582935331616
20031115,-0.0045825667082671105
20031116,-0.0039870286444784
20031117,-0.004152821576408585
20031118,-0.004612760325678399
20031119,-0.003846808383581627
20031120,-0.0040813226801970194
20031121,-0.004053042551077565
20031122,-0.004130142850594948
20031123,-0.004238725718062137
20031124,-0.0038880842489534676
20031125,-0.0036529460408263534
20031126,-0.004142999610739338
20031127,-0.00418730396017973
20031128,-0.004162682465941169
20031129,-0.004694680189830569
20031130,-0.0043424298813844525
20031201,-0.003677860345879237
20031202,-0.003285204030059648
20031203,-0.00296543942777976
20031204,-0.004206764117954342
20031205,-0.0035882316962875366
20031206,-0.002769641679604664
20031207,-0.003519192757704894
20031208,-0.003965755563221137
20031209,-0.003512751941902618
20031210,-0.004209035368511509
20031211,-0.0028481014964970033
20031212,-0.0034215190938192484
20031213,-0.002904613644137993
20031214,-0.002071635053414912
20031215,-0.0022092726031463185
20031216,-0.0013730899196366718
20031217,-0.001341872333136086
20031218,-0.002708316793772504
20031219,-0.0010277960532382438
20031220,-0.0020524850744414814
20031221,-0.0016729863446098257
20031222,-0.0031600079993984163
20031223,-0.002203574218710287
20031224,-0.0014040422990107312
20031225,-0.0031248085483655628
20031226,-0.004097443267157809
20031227,-0.0035763660206256176
20031228,-0.0039948863992945146
20031229,-0.0025189017849336147
20031230,-0.003149951425514458
20031231,-0.003827077047384473
20040101,-0.0032987489693491624
20040102,-0.0035184456052770306
20040103,-0.0035688281113362133
20040104,-0.0030995655831884596
20040105,-0.003855665463564237
20040106,-0.003787144748909962
20040107,-0.0038492471507856436
20040108,-0.003940755009066569
20040109,-0.004134425912795434
20040110,-0.0035743609926435936
20040111,-0.00395740155015846
20040112,-0.0041368365854520025
20040113,-0.004008501757248433
20040114,-0.00364335378951943
20040115,-0.004179428938934825
20040116,-0.003369160369553133
20040117,-0.0037069723487790666
20040118,-0.004196172635338235
20040119,-0.003982603487744515
20040120,-0.0040859538557175305
20040121,-0.003335966227099014
20040122,-0.003076800902704407
20040123,-0.003039627637102685
20040124,-0.004013382072739788
20040125,-0.003555092547612358
20040126,-0.002867148475328521
20040127,-0.002851165177526808
20040128,-0.0036085996893713383
20040129,-0.00409813201480824
20040130,-0.003416033149016474
20040131,-0.003365869537867232
20040201,-0.0040213385086640616
20040202,-0.004406482970976403
20040203,-0.004257911150790496
20040204,-0.0041159369631728285
20040205,-0.004325182193471549
20040206,-0.0015625314922350605
20040207,-0.0027304509036732622
20040208,-0.004430909392200004
20040209,-0.0030064705130839046
20040210,-0.003588923051289243
20040211,-0.0033579875770017604
20040212,-0.001213348549267356
20040213,-0.002939782615349882
20040214,-0.003068213333485907
20040215,-0.004188437419784915
20040216,-0.004125930253420239
20040217,-0.00403343669375992
20040218,-0.0038778235070457004
20040219,-0.0036165300304933307
20040220,-0.0033722510082896382
20040221,-0.003340917866773063
20040222,-0.00241659522513518
20040223,-0.003960908901006342
20040224,-0.004410400666769018
20040225,-0.004373523284812407
20040226,-0.004304666849499568
20040227,-0.0036798109205740375
20040228,-0.004546293831249554
20040229,-0.0030590664737323446
20040301,-0.004832285139535437
20040302,-0.004653726527691046
20040303,-0.004825803257920737
20040304,-0.003489796427796519
20040305,-0.0026063405137447845
20040306,-0.0022659293846199677
20040307,-0.004548978819891839
20040308,-0.004393892020136355
20040309,-0.004633014145269776
20040310,-0.004484055479361189
20040311,-0.004484246309933156
20040312,-0.0049439499560081064
20040313,-0.004469247778773005
20040314,-0.004034871479784448
20040315,-0.004155879123681242
20040316,-0.004411980446317212
20040317,-0.003722403793389688
20040318,-0.002570503425401683
20040319,-0.0031897736360037435
20040320,-0.004376798155127686
20040321,-0.0036184436154238276
20040322,-0.0038365886729421
20040323,-0.004253983704918564
20040324,-0.00449832795376833
20040325,-0.004273299043134028
20040326,-0.0039443570170615005
20040327,-0.00461168004099753
20040328,-0.004472675157052061
20040329,-0.004997452927925301
20040330,-0.004799543745484816
20040331,-0.004995309840759356
20040401,-0.004820927551946806
20040402,-0.005340242029251358
20040403,-0.0052429262249002895
20040404,-0.004824399773374261
20040405,-0.004793185990095221
20040406,-0.004341279807164682
20040407,-0.004547114545895674
20040408,-0.004924364012383317
20040409,-0.0046648568204726674
20040410,-0.004918511320668867
20040411,-0.0050605428678360065
20040412,-0.005079724042309082
20040413,-0.0053121636807523355
20040414,-0.004698876408933008
20040415,-0.0043966210381951336
20040416,-0.004951083418936343
20040417,-0.00407656711046337
20040418,-0.004141556671426921
20040419,-0.004326882143696323
20040420,-0.004708031356149992
20040421,-0.005165305560501203
20040422,-0.005656781155451297
20040423,-0.0047317349805485204
20040424,-0.00490221272514781
20040425,-0.0047558387797384145
20040426,-0.0037557269432954747
20040427,-0.004408356622091609
20040428,-0.004415259084909165
20040429,-0.0035007665641856446
20040430,-0.0038633588305719653
20040501,-0.003765567146527205
20040502,-0.004429710182896698
20040503,-0.004614093636456312
20040504,-0.0033214132778585535
20040505,-0.0043790475881108105
20040506,-0.004291499861715901
20040507,-0.0036129568612700454
20040508,-0.0036944560983013523
20040509,-0.0018827229505320898
20040510,-0.0033681120048357177
20040511,-0.001555200930841652
20040512,-0.0026743263520860494
20040513,-0.003568580902747897
20040514,-0.0047958409517928225
20040515,-0.003873788758601497
20040516,-0.0023469976173397414
20040517,-0.004120243086509446
20040518,-0.0042923116506648025
20040519,-0.004473075619069784
20040520,-0.004682776775227258
20040521,-0.00458132313812526
20040522,-0.004680994656972756
20040523,-0.004545472481183603
20040524,-0.004917975866802543
20040525,-0.0044658338286144555
20040526,-0.004533071829506222
20040527,-0.004819845217253641
20040528,-0.004174776735511409
20040529,-0.004189546450599145
20040530,-0.0041034884807153345
20040531,-0.0030576566090446443
20040601,-0.003600241678007303
20040602,-0.00430881890889296
20040603,-0.004463912575658191
20040604,-0.00396878028738194
20040605,-0.0044819935787077875
20040606,-0.004813653224387837
20040607,-0.004407007831085206
20040608,-0.004354926312385203
20040609,-0.0023699134363314896
20040610,-0.003031437221752835
20040611,-0.0038711910636294545
20040612,-0.0036370263550084955
20040613,-0.0039854705491428255
20040614,-0.003886394704527555
20040615,-0.0033648151336426197
20040616,-0.003184144622831561
20040617,-0.004029122285887451
20040618,-0.003588040788503236
20040619,-0.0026578044314162328
20040620,-0.004576672003189938
20040621,-0.004379765908030972
20040622,-0.004343157477379055
20040623,-0.004490433862123451
20040624,-0.00428913858201594
20040625,-0.004887121974197302
20040626,-0.004743443663273861
20040627,-0.004843362554534222
20040628,-0.005082530807010018
20040629,-0.00514630353329932
20040630,-0.005111749938610888
20040701,-0.004785212179789642
20040702,-0.004745111417600904
20040703,-0.004599941230369592
20040704,-0.00493381076537285
20040705,-0.004133773950273308
20040706,-0.004347686208078631
20040707,-0.004640683549268265
20040708,-0.00392565733066582
20040709,-0.0036792332819740882
20040710,-0.0044364316053192784
20040711,-0.00395919940520705
20040712,-0.004095720231305384
20040713,-0.00295126451043444
20040714,-0.0038205945209870444
20040715,-0.004077149779246536
20040716,-0.004105319039274193
20040717,-0.003808271663024221
20040718,-0.0037365986536515975
20040719,-0.002791839132660705
20040720,-0.003267609355988656
20040721,-0.004152805216458309
20040722,-0.0038949158512498025
20040723,-0.0034311505628915
20040724,-0.00274066826866693
20040725,-0.0036815830781240237
20040726,-0.0037485080332836786
20040727,-0.004291884499854277
20040728,-0.0035321580573543466
20040729,-0.003717534509702351
20040730,-0.0042119852873953815
20040731,-0.002943126527564737
20040801,-0.0035750565545192184
20040802,-0.0030587787490769245
20040803,-0.003481532544478638
20040804,-0.0047569138444149405
20040805,-0.004571786349255515
20040806,-0.004604106979370587
20040807,-0.003699089861507883
20040808,-0.0036477410792098673
20040809,-0.004841467055191036
20040810,-0.004788543436736526
20040811,-0.004710005723420098
20040812,-0.00472462448288274
20040813,-0.004425511678139876
20040814,-0.003834152413535587
20040815,-0.0032875219984541326
20040816,-0.0038484625406991634
20040817,-0.004275939937152367
20040818,-0.0047208450397644925
20040819,-0.0038533607374760474
20040820,-0.004176908391438334
20040821,-0.004173772671781813
20040822,-0.004270440802697067
20040823,-0.0047005543594683405
20040824,-0.0051311078813866175
20040825,-0.004963811685490861
20040826,-0.004605812234026439
20040827,-0.004819404647274686
20040828,-0.004588743899266155
20040829,-0.0043250245748925
20040830,-0.004900790756733992
20040831,-0.004200488072299831
20040901,-0.004823836641026827
20040902,-0.004778043680149206
20040903,-0.004539368121797954
20040904,-0.004717384693650434
20040905,-0.004541369428790804
20040906,-0.004080131745286236
20040907,-0.0042535172963469965
20040908,-0.0045638232633620004
20040909,-0.0045161828224340225
20040910,-0.0039729174650248765
20040911,-0.003982416801204551
20040912,-0.004661893081100149
20040913,-0.004610759597854231
20040914,-0.0041913120515522425
20040915,-0.002417647131308274
20040916,-0.003079196868095794
20040917,-0.004574914179823541
20040918,-0.0034705660742176013
20040919,-0.004654652040051495
20040920,-0.0038600307769746226
20040921,-0.004277475683920499
20040922,-0.004202417586748244
20040923,-0.004257852337543866
20040924,-0.004235403508833576
20040925,-0.0027516176815430187
20040926,-0.003844098414161617
20040927,-0.0038277354880585307
20040928,-0.004363977053323028
20040929,-0.002507985588581283
20040930,-0.004176966821666305
20041001,-0.004022025922934764
20041002,-0.004008620143557573
20041003,-0.0033275711034899172
20041004,-0.00441119444679784
20041005,-0.003024519048601689
20041006,-0.0030244896592172
20041007,-0.003609086011663358
20041008,-0.004448544170250127
20041009,-0.004392876954334888
20041010,-0.004194091373224783
20041011,-0.004094350531079722
20041012,-0.0044230402470882705
20041013,-0.004444321499145627
20041014,-0.003853650349355263
20041015,-0.003701040864322021
20041016,-0.0037184971760178664
20041017,-0.0038842228284328246
20041018,-0.0032061859140227163
20041019,-0.0043617562851581484
20041020,-0.0046865740615311385
20041021,-0.0046733503132400135
20041022,-0.004020700093746491
20041023,-0.004066668124185035
20041024,-0.004203391353539781
20041025,-0.00444179292042946
20041026,-0.00399420446922497
20041027,-0.0037567328545790378
20041028,-0.003898758840316801
20041029,-0.0035963407687912923
20041030,-0.004009592684626642
20041031,-0.0038273753418211257
20041101,-0.004111589038273328
20041102,-0.0038668812099483933
20041103,-0.004421480164633588
20041104,-0.004641604465712806
20041105,-0.004348479014021134
20041106,-0.0038351934053119383
20041107,-0.004471447725524157
20041108,-0.004159346609973169
20041109,-0.003906532764889381
20041110,-0.004069353760335168
20041111,-0.003934955960076429
20041112,-0.004152520904217792
20041113,-0.003926836002331429
20041114,-0.0040606015412619784
20041115,-0.003713855135083509
20041116,-0.0043373210173911604
20041117,-0.004835585942998983
20041118,-0.004178507448941962
20041119,-0.004284398296531854
20041120,-0.0044516062366717355
20041121,-0.004050483223572258
20041122,-0.004119543989089511
20041123,-0.003880881628391407
20041124,-0.003468548198868294
20041125,-0.003603204300018703
20041126,-0.003289848275028791
20041127,-0.003881905555639358
20041128,-0.004340890007002844
20041129,-0.004315191881276492
20041130,-0.0035575356989471876
20041201,-0.0028462743863335027
20041202,-0.0030557247814291554
20041203,-0.003550389328171636
20041204,-0.0038155756872902753
20041205,-0.00405202453172119
20041206,-0.002934617984579691
20041207,-0.0025929704731054624
20041208,-0.0032008234397274933
20041209,-0.0033900490752003004
20041210,-0.0035513489736254595
20041211,-0.004008921831189215
20041212,-0.004176117467912463
20041213,-0.0035462325511225598
20041214,-0.003093373863046942
20041215,-0.0037167841889175594
20041216,-0.003747770990039911
20041217,-0.003665538109422141
20041218,-0.0042781333525193895
20041219,-0.0038391039175019706
20041220,-0.0038544188561137702
20041221,-0.004201895933028909
20041222,-0.0033578518459043308
20041223,-0.003069065159049246
20041224,-0.003530386375073071
20041225,-0.002666790086581624
20041226,-0.003564415478632822
20041227,-0.0039988509445021015
20041228,-0.0035315028648524667
20041229,-0.003767635947599584
20041230,-0.002688910385303111
20041231,-0.003429558431913681
20050101,-0.002033251814490353
20050102,-0.002905197218795523
20050103,-0.0032066797784331526
20050104,-0.0030882210353380827
20050105,-0.0037387714197849725
20050106,-0.0037662883141317167
20050107,-0.003494877972712352
20050108,-0.00349261078806964
20050109,-0.003504562236922247
20050110,-0.003927997136371021
20050111,-0.0026455582581533287
20050112,-0.004239711030476412
20050113,-0.003665060436427129
20050114,-0.003982495695376609
20050115,-0.0042232945966000895
20050116,-0.0035159595781155705
20050117,-0.003990448107399068
20050118,-0.00410003815072003
20050119,-0.0037110729725893027
20050120,-0.0038945844816133664
20050121,-0.003803217039349442
20050122,-0.0037273546153127773
20050123,-0.0022572710838080954
20050124,-0.001421980879264532
20050125,-0.002706740737376567
20050126,-0.0014096293045700225
20050127,-0.0030010789547794013
20050128,-0.0038277198111078842
20050129,-0.0033515564253345574
20050130,-0.0034989860641988745
20050131,-0.003986472122499385
20050201,-0.004023236965883509
20050202,-0.003488835174987013
20050203,-0.0032170566201026557
20050204,-0.004077798276386162
20050205,-0.0034751105938756227
20050206,-0.0036349000556720086
20050207,-0.0036437441903453996
20050208,-0.0038072838570079428
20050209,-0.003894473585828854
20050210,-0.004265981410345284
20050211,-0.004230902619497562
20050212,-0.003932376104837888
20050213,-0.004075761897357347
20050214,-0.004467352484071139
20050215,-0.0040713513585479595
20050216,-0.00398470072153867
20050217,-0.00424494571267964
20050218,-0.0037389325930213863
20050219,-0.004632011231650209
20050220,-0.0049561586080477575
20050221,-0.004971111767787101
20050222,-0.004278895916152565
20050223,-0.004543185827921457
20050224,-0.004124332385620888
20050225,-0.004821499122054685
20050226,-0.0048996366744755064
20050227,-0.005132473274898777
20050228,-0.004695920683007481
20050301,-0.004804174951612215
20050302,-0.004368936237498465
20050303,-0.0045754210612056045
20050304,-0.004148984175802174
20050305,-0.00488013313463649
20050306,-0.003492083063747762
20050307,-0.0032836677318101456
20050308,-0.004631283926727364
20050309,-0.00365584771498397
20050310,-0.004009840484843554
20050311,-0.005079555086105746
20050312,-0.004249995405515153
20050313,-0.004268563221715154
20050314,-0.005080908216716551
20050315,-0.003948358662322985
20050316,-0.004293579908047034
20050317,-0.004577060405956343
20050318,-0.004547276150664017
20050319,-0.004915472318561023
20050320,-0.0032498514885114273
20050321,-0.0034226163273669593
20050322,-0.0038999056782286524
20050323,-0.0046214701456425405
20050324,-0.004326406049247404
20050325,-0.004191810173357625
20050326,-0.004715413690862361
20050327,-0.0030482117349278333
20050328,-0.004787285541049849
20050329,-0.0045538510313097545
20050330,-0.0041732052527631595
20050331,-0.004075995101658558
20050401,-0.004892823555219117
20050402,-0.005652934746932685
20050403,-0.005106990750118137
20050404,-0.004568443513824904
20050405,-0.005343384097223731
20050406,-0.004865913577643111
20050407,-0.005067776656930396
20050408,-0.0050461420464011225
20050409,-0.004512790570036371
20050410,-0.00470067646714866
20050411,-0.004521459833676504
20050412,-0.0051176234227203335
20050413,-0.004648157774483385
20050414,-0.0047566733988081205
20050415,-0.004987861407018056
20050416,-0.005149944393506071
20050417,-0.004429874568690678
20050418,-0.0045065824633812
20050419,-0.004748060610445731
20050420,-0.0045974396878481205
20050421,-0.004640133164701063
20050422,-0.004351791824260881
20050423,-0.005197746048393448
20050424,-0.005191664929417149
20050425,-0.004424492021201339
20050426,-0.004662000418674448
20050427,-0.004128498041102841
20050428,-0.005399127860684938
20050429,-0.0053433603085002125
20050430,-0.0049053476733113555
20050501,-0.004722039239057383
20050502,-0.003477812891988876
20050503,-0.0038066734097854235
20050504,-0.004890362386524214
20050505,-0.0031905984959363365
20050506,-0.0033657523801569004
20050507,-0.003872167547231541
20050508,-0.004256371561438231
20050509,-0.004254820855593848
20050510,-0.003517345243480845
20050511,-0.0025192790270313144
20050512,-0.003929756893978378
20050513,-0.0034796190883796016
20050514,-0.003800260466236265
20050515,-0.0032742735860590874
20050516,-0.00310005312963447
20050517,-0.0027849781061697913
20050518,-0.004508125018452128
20050519,-0.004318307339397624
20050520,-0.003485228557827388
20050521,-0.0048319649075849284
20050522,-0.004352784593970897
20050523,-0.0039891129845853615
20050524,-0.0037439249838425166
20050525,-0.004200429842142058
20050526,-0.004308438296735265
20050527,-0.003922308181733661
20050528,-0.00433922064787548
20050529,-0.004295032090884983
20050530,-0.0036935543467329036
20050531,-0.003997811615153923
20050601,-0.0039419009874833615
20050602,-0.004719049806231652
20050603,-0.0032241313427094787
20050604,-0.004085452943382912
20050605,-0.00404523968390264
20050606,-0.003672750614847375
20050607,-0.00448219263706932
20050608,-0.004562631315030457
20050609,-0.004693998103800831
20050610,-0.004640497769355292
20050611,-0.0048013634299723445
20050612,-0.004775410595055437
20050613,-0.003755503568634694
20050614,-0.0031518093231536963
20050615,-0.00470493203914924
20050616,-0.0033550119518645843
20050617,-0.003009445189393491
20050618,-0.0034651205591263124
20050619,-0.004225835556886992
20050620,-0.003405881081380045
20050621,-0.003529316145431161
20050622,-0.0035708203369533985
20050623,-0.0036096458556362744
20050624,-0.003048551593343571
20050625,-0.004182557674417972
20050626,-0.003923035395660567
20050627,-0.004297123862476976
20050628,-0.004199626721803426
20050629,-0.0037597357870132386
20050630,-0.0027457205130461656
20050701,-0.003205991987946902
20050702,-0.0039950685852121045
20050703,-0.0039890713300646235
20050704,-0.0019975667656716664
20050705,-0.0036998071128037805
20050706,-0.0037243596806509705
20050707,-0.004185005823088043
20050708,-0.0033996128131150633
20050709,-0.0031686336256848686
20050710,-0.003754060516858299
20050711,-0.0046904785112337095
20050712,-0.004335104333629813
20050713,-0.0038394081922589803
20050714,-0.004535554292327754
20050715,-0.004384044388245739
20050716,-0.0041929653180896925
20050717,-0.004498501756617903
20050718,-0.0039964787544157455
20050719,-0.004264559616500668
20050720,-0.00338029508298313
20050721,-0.004681368283197458
20050722,-0.003979175218019461
20050723,-0.0026271369917943654
20050724,-0.0036320573833409663
20050725,-0.0032183614316668514
20050726,-0.0028744748212697867
20050727,-0.0033977352497866187
20050728,-0.003511793448884835
20050729,-0.004393512925583202
20050730,-0.004273188513877973
20050731,-0.002394993511579914
20050801,-0.0032403607504203733
20050802,-0.0020185957061859905
20050803,-0.004242925690121749
20050804,-0.00414756046097638
20050805,-0.004190651465458779
20050806,-0.0044889792168310546
20050807,-0.004145211235250679
20050808,-0.0041051698358541815
20050809,-0.004540768881489972
20050810,-0.004158468477270152
20050811,-0.004446066937917693
20050812,-0.004722801820302394
20050813,-0.004714664739086232
20050814,-0.004052580830285965
20050815,-0.002714570419331703
20050816,-0.004399513598526689
20050817,-0.004638072848754083
20050818,-0.004594294298109868
20050819,-0.004925944783986438
20050820,-0.004149487697215991
20050821,-0.004658882796970261
20050822,-0.00430604633492672
20050823,-0.003806144104664201
20050824,-0.0038280094710366045
20050825,-0.0023855127186545376
20050826,-0.003356494977221738
20050827,-0.0035132836955562644
20050828,-0.0037327727899016654
20050829,-0.004235411841079456
20050830,-0.0024411452463962923
20050831,-0.004439171841121269
20050901,-0.004519467672645037
20050902,-0.004101551185876425
20050903,-0.003906670386591126
20050904,-0.0038967800458153826
20050905,-0.004615159100431168
20050906,-0.004242109964932647
20050907,-0.0026991780307222685
20050908,-0.002767918519674214
20050909,-0.003243068268815776
20050910,-0.0022584679134326725
20050911,-0.004596699089577325
20050912,-0.004620249973693664
20050913,-0.002301504871760756
20050914,-0.0028249856443710187
20050915,-0.0046755928376960515
20050916,-0.005048746856166568
20050917,-0.0048492178665300355
20050918,-0.0033491974711250456
20050919,-0.0027143239361221683
20050920,-0.005035882369519925
20050921,-0.004452775744357945
20050922,-0.004868536250537391
20050923,-0.004733003549797404
20050924,-0.004914792907235014
20050925,-0.005289250409837855
20050926,-0.004780626941965123
20050927,-0.003349804646080744
20050928,-0.004085750831194665
20050929,-0.004473397978744234
20050930,-0.003466470120212986
20051001,-0.004208581969168661
20051002,-0.003272916810641456
20051003,-0.0042262807770166635
20051004,-0.0030762188292719175
20051005,-0.0032721489762408762
20051006,-0.003939630964149544
20051007,-0.00394969995745293
20051008,-0.0035171909819927192
20051009,-0.004365878668136914
20051010,-0.0043546368801122455
20051011,-0.004776077552868631
20051012,-0.004428001289262836
20051013,-0.0048360552898600315
20051014,-0.004425497554256465
20051015,-0.004262308990362108
20051016,-0.003970282317603563
20051017,-0.003971772052620961
20051018,-0.004134673840743495
20051019,-0.002183263394063423
20051020,-0.0036608860874901084
20051021,-0.004041685931891002
20051022,-0.0037049768944558263
20051023,-0.004440728259815636
20051024,-0.004133053767566954
20051025,-0.004242504368815666
20051026,-0.002790391980313842
20051027,-0.0037597678081203937
20051028,-0.0038918976387352644
20051029,-0.0035067783749959495
20051030,-0.004176950512300122
20051031,-0.0030411976978417282
20051101,-0.003790050236809688
20051102,-0.004119120682043899
20051103,-0.002412597795616204
20051104,-0.0033674262453481816
20051105,-0.0038071642467095365
20051106,-0.0037772130861939554
20051107,-0.004085143520917129
20051108,-0.004173221795349718
20051109,-0.003718923055138224
20051110,-0.0038914192719247454
20051111,-0.003910472995625246
20051112,-0.003128475821499855
20051113,-0.003426758090787043
20051114,-0.0020475366625725532
20051115,-0.002126381274655923
20051116,-0.003210008559111508
20051117,-0.003910146664458389
20051118,-0.004251541484575903
20051119,-0.0035880548589218323
20051120,-0.004067386979238731
20051121,-0.003750647725321275
20051122,-0.0033417104860935065
20051123,-0.003631966389781774
20051124,-0.003797667890790473
20051125,-0.003650267518658825
20051126,-0.0037935200801532446
20051127,-0.0023037915608914742
20051128,-0.0036870893769582265
20051129,-0.00405232796941946
20051130,-0.004312191432538897
20051201,-0.0035460349185622527
20051202,-0.0028398452712186622
20051203,-0.0023310429498918394
20051204,-0.0037685041729349465
20051205,-0.0032604790557978322
20051206,-0.0032061181819811116
20051207,-0.002857255837477511
20051208,-0.0022585334501982485
20051209,-0.003133606474009071
20051210,-0.0020820037117681993
20051211,-0.002052350974003637
20051212,-0.003932127886058874
20051213,-0.0030135178426654156
20051214,-0.003556046583904151
20051215,-0.0036327323787367378
20051216,-8.269325532242923E-4
20051217,-0.0030735002465153314
20051218,-0.0030694487727008796
20051219,-0.0035930904675875457
20051220,-0.003894417442742333
20051221,-0.003166537677746019
20051222,-0.0026202677458026314
20051223,-0.0011229176587667902
20051224,-6.842561554741048E-4
20051225,-9.350390494858741E-4
20051226,-0.0034391559581737267
20051227,-0.0030937877840543524
20051228,-0.00244558228736119
20051229,-0.0023916760104721255
20051230,-0.0035457979868589156
20051231,-0.0022413259295671843
20060101,-0.004059382680802396
20060102,-0.003097122165801001
20060103,-0.003845955131514383
20060104,-0.004031294178757461
20060105,-0.002674993919686159
20060106,-0.003271547523070212
20060107,-0.002889570394129433
20060108,-0.0022785263534223082
20060109,-0.0033654167273749203
20060110,-0.0024279078118514086
20060111,-0.00353718690126007
20060112,-0.003707810424885426
20060113,-0.004189885399473527
20060114,-0.003522883060052721
20060115,-0.003485850263038137
20060116,-0.0029749151532893156
20060117,-0.0036267141040007625
20060118,-0.0037066655089598574
20060119,-0.0035828752398547646
20060120,-0.003263085922546205
20060121,-0.0021480131091206394
20060122,-0.003447811664150756
20060123,-0.0030980876094793583
20060124,-0.003695399174110691
20060125,-0.003672847640185557
20060126,-0.0033733656233730443
20060127,-0.004294962832506385
20060128,-0.0028763159787438286
20060129,-0.0028974691417566886
20060130,-0.004010709923560319
20060131,-0.004129114359414869
20060201,-0.004187238244092508
20060202,-0.004493926503513677
20060203,-0.0038399901297329958
20060204,-0.003666494648258511
20060205,-0.0036769637188305833
20060206,-0.0042396332555516645
20060207,-0.002370040770973846
20060208,-0.002957429195323547
20060209,-0.0019208286512741798
20060210,-0.0035272523145999605
20060211,-0.0027193022612347914
20060212,-0.003013004267716899
20060213,-0.003911283101790224
20060214,-0.004214296589520443
20060215,-0.004845738019259183
20060216,-0.0029150740526910587
20060217,-0.004139188698915928
20060218,-0.0031613749058277477
20060219,-0.0031958077683791088
20060220,-0.0034904147215414874
20060221,-0.004502317137205201
20060222,-0.004747993645500233
20060223,-0.004185653347880048
20060224,-0.004224068202821371
20060225,-0.004470527673273275
20060226,-0.004192899258456927
20060227,-0.00498078630896164
20060228,-0.004751378308958493
20060301,-0.0041676969207640625
20060302,-0.0037386178910661736
20060303,-0.003789388146676421
20060304,-0.004913916405065483
20060305,-0.0036104461651209887
20060306,-0.004133758633397844
20060307,-0.00453553765434797
20060308,-0.001672209205740782
20060309,-0.003252511675425858
20060310,-0.004248712299718864
20060311,-0.004275866483571765
20060312,-0.004532459627072674
20060313,-0.0042386336539788
20060314,-0.0049144969237867545
20060315,-0.003269787675038983
20060316,-0.003421827465105068
20060317,-0.0048070276719485855
20060318,-0.004692918396305012
20060319,-0.004834540692979962
20060320,-0.0043929198542648805
20060321,-0.004895656523811758
20060322,-0.004225817184024465
20060323,-0.004906890302729563
20060324,-0.004420501690283289
20060325,-0.0027123366156122765
20060326,-0.003871274645988644
20060327,-0.0038334121015864927
20060328,-0.005219910309712762
20060329,-0.0047921223657207005
20060330,-0.0035599276072411294
20060331,-0.005552553056188696
20060401,-0.00479129294186249
20060402,-0.004481431445621425
20060403,-0.0039200965499877494
20060404,-0.004435260432698357
20060405,-0.003355483706850051
20060406,-0.0027977170265581
20060407,-0.004820414515475769
20060408,-0.0051033034884567655
20060409,-0.00504749610286384
20060410,-0.004980604869545542
20060411,-0.004411971516208724
20060412,-0.004960690563633437
20060413,-0.005843794247625519
20060414,-0.004920260352673508
20060415,-0.004141150486315409
20060416,-0.004865298641630875
20060417,-0.005080787698252197
20060418,-0.005355901321890926
20060419,-0.0047419605788564766
20060420,-0.0054814644314471845
20060421,-0.003474365582809564
20060422,-0.004812671088007126
20060423,-0.005031744001269663
20060424,-0.004671648200952387
20060425,-0.0046110972817414355
20060426,-0.003953252340774174
20060427,-0.0039540283325132965
20060428,-0.004943664906602834
20060429,-0.004986100371223416
20060430,-0.0046584880055996845
20060501,-0.004315144551005382
20060502,-0.004403928892088516
20060503,-0.004786750481150404
20060504,-0.005128478701026859
20060505,-0.004819247168748701
20060506,-0.005157204616743175
20060507,-0.0051243675914595995
20060508,-0.004649541557634678
20060509,-0.004492798200924063
20060510,-0.004151023422734333
20060511,-0.0020503344344262923
20060512,-0.004639609551050389
20060513,-0.0034177781140947725
20060514,-0.004155493412983947
20060515,-0.004252225582797648
20060516,-0.004387736488353696
20060517,-0.003292637191448385
20060518,-0.004303123903363453
20060519,-0.004690240897765316
20060520,-0.004227648497402785
20060521,-0.003933441975544108
20060522,-0.0041622372158112405
20060523,-0.0036857118607270746
20060524,-0.0036379534046988506
20060525,-0.0031021734649637708
20060526,-0.003017253412176793
20060527,-0.003578551815308873
20060528,-0.004350881288328372
20060529,-0.00381967035853255
20060530,-0.003769260232890651
20060531,-0.003979499402615169
20060601,-0.003380588830714611
20060602,-0.0041464178141045254
20060603,-0.003869027375861246
20060604,-0.003429530489353423
20060605,-0.0048128368251944996
20060606,-0.00406099567682133
20060607,-0.0036136993724967055
20060608,-0.0044596695567842605
20060609,-0.004235747662591704
20060610,-0.004965500653135528
20060611,-0.003450773895657041
20060612,-0.003645032840120074
20060613,-0.003697774899013333
20060614,-0.00432495903135771
20060615,-0.002382081345182939
20060616,-0.003773111699239609
20060617,-0.003322680813943805
20060618,-0.0040100973602249365
20060619,-0.004518964649093285
20060620,-0.00426449242108665
20060621,-0.0038129309527326037
20060622,-0.0042571404001255
20060623,-0.004386386372349263
20060624,-0.0038735509685042177
20060625,-0.0035007044467447574
20060626,-0.003418334450493316
20060627,-9.763952417961402E-4
20060628,-0.002530919758755299
20060629,-0.0023180518103380204
20060630,-0.003024163765654693
20060701,-0.004310210444815376
20060702,-0.004450091344216286
20060703,-0.004603562600269081
20060704,-0.005055844927839983
20060705,-0.004374853064625947
20060706,-0.004614483020035885
20060707,-0.004645611082750702
20060708,-0.004710722622596167
20060709,-0.004216121994809982
20060710,-0.00328415417778938
20060711,-0.004128278653538533
20060712,-0.004253537522518948
20060713,-0.004317195013560197
20060714,-0.00434471006757611
20060715,-0.004651344032047707
20060716,-0.002315697460068697
20060717,-0.003315212531031047
20060718,-0.004665483684175697
20060719,-0.004490569567451859
20060720,-0.004350312378350015
20060721,-0.0035478153593823405
20060722,-0.003180575378844785
20060723,-0.00394046448719917
20060724,-0.004897273610506557
20060725,-0.004489969090720254
20060726,-0.00402782504305066
20060727,-0.004665667908380457
20060728,-0.0037944675102762576
20060729,-0.0036729694920222254
20060730,-0.0031443638802333405
20060731,-0.004688328739115314
20060801,-0.004474138944171468
20060802,-0.004943781113883297
20060803,-0.004707370717005829
20060804,-0.004169237423818496
20060805,-0.004137777051869064
20060806,-0.0034637638815160814
20060807,-0.0036354334662202707
20060808,-0.003666844285160126
20060809,-0.0023301813760267936
20060810,-0.004194302379066275
20060811,-0.0032148255331816804
20060812,-0.004469615161442527
20060813,-0.005275203781510203
20060814,-0.004672292860736494
20060815,-0.004600203333951953
20060816,-0.005122706253632328
20060817,-0.004489403518937154
20060818,-0.004622206011655764
20060819,-0.005016308977068995
20060820,-0.004934419558235901
20060821,-0.005116804766122962
20060822,-0.005076740581098493
20060823,-0.004704344684016359
20060824,-0.004605560922754215
20060825,-0.0039040642763603886
20060826,-0.004078428276080936
20060827,-0.0038407100574386057
20060828,-0.0037043072412784595
20060829,-0.0033974587956910186
20060830,-0.0038455468569211643
20060831,-0.004325739566276931
20060901,-0.004675929660109217
20060902,-0.004514501381804734
20060903,-0.0034395961318416835
20060904,-0.0038235680889374215
20060905,-0.004182133891798801
20060906,-0.004175364552404285
20060907,-0.004888146948876017
20060908,-0.0041165410167928575
20060909,-0.003869546807562376
20060910,-0.004323710506455556
20060911,-0.004696503024990755
20060912,-0.004585523473365162
20060913,-0.004160835084754215
20060914,-0.003658166060483423
20060915,-0.003661411162203657
20060916,-0.0044103100627967
20060917,-0.004030437426008438
20060918,-0.0042078283120835945
20060919,-0.003798936580439974
20060920,-0.0038616666588197914
20060921,-0.004384703617668907
20060922,-0.0037063271801916257
20060923,-0.002686520204339771
20060924,-0.00361525841198743
20060925,-0.0028865420318365427
20060926,-0.0013541903882909221
20060927,-0.00204528082016747
20060928,-0.004376100723722275
20060929,-0.003988005626209476
20060930,-0.00437165712175181
20061001,-0.004617910560718796
20061002,-0.0036202099261048713
20061003,-0.0038892661265267333
20061004,-0.004029535231135575
20061005,-0.0037165642483548145
20061006,-0.003975370878033707
20061007,-0.0032277997370921355
20061008,-0.00181262679218787
20061009,-0.0039255836806922975
20061010,-0.003852092610589269
20061011,-0.003875331054298849
20061012,-0.004102520928969916
20061013,-0.0041896947049830475
20061014,-0.0041270247689480484
20061015,-0.003746242982592366
20061016,-0.003173740865282743
20061017,-0.0039866915120235725
20061018,-0.004359082700420415
20061019,-0.0037567288311475943
20061020,-0.0035065622430110878
20061021,-0.003453924489773346
20061022,-0.0036866916034631074
20061023,-0.0037119937821903947
20061024,-0.004161827240656005
20061025,-0.004406314934710944
20061026,-0.0039441863954635245
20061027,-0.003758560295702201
20061028,-0.0034931456055600275
20061029,-0.004450962992325545
20061030,-0.004353379146502026
20061031,-0.004073847235587823
20061101,-0.0036240305836641655
20061102,-0.003999744720094249
20061103,-0.003778546905135783
20061104,-0.0036383320916726428
20061105,-0.004410632212944357
20061106,-0.003730163555839071
20061107,-0.004362430022813255
20061108,-0.004350127304788814
20061109,-0.0042860482424861845
20061110,-0.004143559329750804
20061111,-0.0036804063473741106
20061112,-0.004354407050116658
20061113,-0.003628271952759101
20061114,-0.0031268883899965368
20061115,-0.0028259205198101784
20061116,-0.003336145936324619
20061117,-0.004494809538481908
20061118,-0.004337037133575304
20061119,-0.004203431951932581
20061120,-0.004480264016988308
20061121,-0.0042728668427580606
20061122,-0.0043039325605722075
20061123,-0.004331125464179014
20061124,-0.004670032392938306
20061125,-0.004269025996476566
20061126,-0.004019772713387587
20061127,-0.003910298362648339
20061128,-0.0038478107753526225
20061129,-0.003220492462894597
20061130,-0.0037388293201376355
20061201,-0.0041009457894023585
20061202,-0.004227133372291455
20061203,-0.004056450634331441
20061204,-0.003952188806864312
20061205,-0.00391691449799946
20061206,-0.0023975462956180005
20061207,-0.004176126293279576
20061208,-0.0034876394723083555
20061209,-0.002432009144127429
20061210,-0.003760938281420499
20061211,-0.004023079817359107
20061212,-0.003946840917694138
20061213,-0.004072756138610249
20061214,-0.0036147092251768175
20061215,-0.003351382535692672
20061216,-0.0034919359030930117
20061217,-0.0037124856536355838
20061218,-0.0034056727525991586
20061219,-0.0045856206004091
20061220,-0.004521777431068882
20061221,-0.0036415045800915914
20061222,-0.004456511188006516
20061223,-0.004326112670714424
20061224,-0.0037411711219889334
20061225,-0.0035626375728440873
20061226,-0.003585251308638239
20061227,-0.0035852656462984768
20061228,-0.0031720301945750043
20061229,-0.0036666686283199413
20061230,-0.0035152459580698276
20061231,-0.0028774569076542166
20070101,-0.0019907382567135256
20070102,-0.003289012567814908
20070103,-0.00227904400542803
20070104,-0.0016298130357183254
20070105,-0.0022722575668265035
20070106,-0.0031396055156701465
20070107,-0.0031862852052042755
20070108,-0.0019030558519187446
20070109,-0.001945229036715
20070110,-0.0018847619512676378
20070111,-0.0015482634918125371
20070112,-0.0021311930614893553
20070113,-0.0017880746244171334
20070114,-0.0028425787676266538
20070115,-0.00453149331190839
20070116,-0.003857166001666597
20070117,-0.004042570195167305
20070118,-0.0030649635766666445
20070119,-0.004114249586425651
20070120,-0.002175389362431777
20070121,-0.004529142905940075
20070122,-0.003808175051675585
20070123,-0.004481715258813899
20070124,-0.003802354389770206
20070125,-0.003443621889762919
20070126,-0.0040398394865315875
20070127,-0.00370758344258447
20070128,-0.0037994426109689734
20070129,-0.0035630535089921996
20070130,-0.0015072423320118594
20070131,-0.0013211765394652978
20070201,-0.0026525512132876076
20070202,-0.0017030064693414639
20070203,-0.0010416554021289409
20070204,-0.0011304226790785899
20070205,-0.0019209066730453766
20070206,-0.004564854262712346
20070207,-0.003918930610768828
20070208,-0.004016790500744618
20070209,-0.003861583426002915
20070210,-0.0039716530717616065
20070211,-0.004426597922631746
20070212,-0.004040654156365769
20070213,-0.004108825949592684
20070214,-0.003959213811172576
20070215,-0.003922164592355067
20070216,-0.003111065495140824
20070217,-0.0038143777638565694
20070218,-0.0047763476778888096
20070219,-0.004153881389085657
20070220,-0.004808251045976877
20070221,-0.00411456623559261
20070222,-0.004304706146562265
20070223,-0.004168010698534698
20070224,-0.0025056423126846917
20070225,-0.0037485215645401203
20070226,-0.00415186955417091
20070227,-0.004711609267993293
20070228,-0.003984198870637072
20070301,-0.004389715354381271
20070302,-0.004240712259863152
20070303,-0.005175222369110046
20070304,-0.004351847165343025
20070305,-0.004976093730212074
20070306,-0.005066217308579625
20070307,-0.005139035204023498
20070308,-0.004726307810144264
20070309,-0.005375745265174861
20070310,-0.0043906038272527375
20070311,-0.004843077058940484
20070312,-0.00433309027968617
20070313,-0.004503129437202964
20070314,-0.0030240762763553736
20070315,-0.0035428028311638715
20070316,-0.004018575960311803
20070317,-0.0036009838111540596
20070318,-0.0046463385331853915
20070319,-0.0045117743677378615
20070320,-0.00429610162141408
20070321,-0.0034072876390637335
20070322,-0.002619942001408719
20070323,-0.00484771979220865
20070324,-0.004019147502539393
20070325,-0.004390060204003152
20070326,-0.005292776530597473
20070327,-0.00518102879538081
20070328,-0.004579274262375793
20070329,-0.0045908491867230694
20070330,-0.004719426508344246
20070331,-0.005010603880075828
20070401,-0.004923992026073385
20070402,-0.005182495580257592
20070403,-0.005185534803954542
20070404,-0.004874140587116251
20070405,-0.00497255964746624
20070406,-0.0048113868817208005
20070407,-0.004028009458506797
20070408,-0.00499891242510678
20070409,-0.005026543379310222
20070410,-0.004707139569835648
20070411,-0.0049803671952368305
20070412,-0.0050170358955798616
20070413,-0.0044784260925434865
20070414,-0.003233309787159132
20070415,-0.003745909943106704
20070416,-0.004460956520567181
20070417,-0.004968858996984037
20070418,-0.004032733317603945
20070419,-0.00421303053031349
20070420,-0.00498626114113361
20070421,-0.004636029058100335
20070422,-0.004931330923759834
20070423,-0.005064176841850021
20070424,-0.005095659090661767
20070425,-0.004359769692050482
20070426,-0.004292152266139143
20070427,-0.0029296208903408427
20070428,-0.004196783046938832
20070429,-0.005015035891812101
20070430,-0.0047042634839708965
20070501,-0.004136400004328724
20070502,-0.003367643213717683
20070503,-0.004672230429399695
20070504,-0.004882683640604078
20070505,-0.0039542737347868845
20070506,-0.0043317899842772525
20070507,-0.004380703245025832
20070508,-0.004291574790357581
20070509,-0.00428596699947508
20070510,-0.004407427383260528
20070511,-0.004728447327020979
20070512,-0.004623137600225262
20070513,-0.0049726710529873625
20070514,-0.0045922659141168325
20070515,-0.004520260847334245
20070516,-0.0038426543630101892
20070517,-0.0040358024312785205
20070518,-0.004652272422510536
20070519,-0.004171853284388308
20070520,-0.004212945136735671
20070521,-0.004082794946314556
20070522,-0.0046588924641773055
20070523,-0.004959914322959549
20070524,-0.004372404956933283
20070525,-0.0037406467004023804
20070526,-0.004129866276235337
20070527,-0.003882294611894642
20070528,-0.0035912788180809075
20070529,-0.004867409369612191
20070530,-0.0038823985982824227
20070531,-0.004008334133071196
20070601,-0.004292721443240175
20070602,-0.004406883137739773
20070603,-0.004634811407901553
20070604,-0.004335560067777808
20070605,-0.0039872007552195585
20070606,-0.004358586497404255
20070607,-0.00410906901767872
20070608,-0.004164967169914096
20070609,-0.004485478574516441
20070610,-0.0043008606466091925
20070611,-0.003918908092610449
20070612,-0.00410543868236499
20070613,-0.0034660591589770703
20070614,-0.003765949908156482
20070615,-0.0036766316843528735
20070616,-0.0036885262952529546
20070617,-0.004123981716782719
20070618,-0.003710243372091362
20070619,-0.0038693944762468076
20070620,-0.003079376311843832
20070621,-0.00344245900487443
20070622,-0.003624324302810665
20070623,-0.004131117234720325
20070624,-0.004310654299638288
20070625,-0.003649187273554973
20070626,-0.0022255968896865972
20070627,-0.0032508031199664903
20070628,-0.004014201394797512
20070629,-0.0037159778604428503
20070630,-0.0027498035387043198
20070701,-0.0028144783763798596
20070702,-0.00490184312999104
20070703,-0.004815918956651133
20070704,-0.004613194449135554
20070705,-0.0032494764482280157
20070706,-0.002082387743775246
20070707,-0.004697473882431193
20070708,-0.004249886049200346
20070709,-0.004494694311753068
20070710,-0.004127524408947748
20070711,-0.002179499561946233
20070712,-0.004335755029531484
20070713,-0.004684276457813466
20070714,-0.0047815020958601835
20070715,-0.0039454738384212705
20070716,-0.003583915678152582
20070717,-0.0037982160697193623
20070718,-0.004728459014414089
20070719,-0.003994857865239074
20070720,-0.004766888780597881
20070721,-0.004876044799773998
20070722,-0.004891945998539239
20070723,-0.004462084089221166
20070724,-0.004471321703302305
20070725,-0.004745332793474621
20070726,-0.004138544300254398
20070727,-0.0037976322373896305
20070728,-0.0036451863889107143
20070729,-0.0035771118443021633
20070730,-0.003872789028918034
20070731,-0.0038349696197138143
20070801,-0.0030983504249851106
20070802,-0.002019574985472971
20070803,-0.0036150423461875068
20070804,-0.0026372903044330808
20070805,-0.003705617155453404
20070806,-0.003101952162097087
20070807,-0.004246735498123248
20070808,-0.004025026829124632
20070809,-0.004863489489342113
20070810,-0.004702808448344723
20070811,-0.004682239864616792
20070812,-0.004840831224070077
20070813,-0.004280207967203862
20070814,-0.004541070375343738
20070815,-0.004997302820997176
20070816,-0.004244620885297106
20070817,-0.004077054112578122
20070818,-0.0046709255020175346
20070819,-0.0043551209653748205
20070820,-0.0042330705070279286
20070821,-0.004729009061699646
20070822,-0.0035978393594578366
20070823,-0.003970936943225665
20070824,-0.0037902074893868013
20070825,-0.003259273120833468
20070826,-0.002462419617161685
20070827,-0.0042929691670415705
20070828,-0.00488398367100274
20070829,-0.0042393927455941375
20070830,-0.004017022112318185
20070831,-0.004108736836742048
20070901,-0.0043660004224227115
20070902,-0.004463999068343207
20070903,-0.0048212527416325295
20070904,-0.0047355708673074886
20070905,-0.004618403131153606
20070906,-0.004303594182600099
20070907,-0.003958453050292038
20070908,-0.0040826344021690645
20070909,-0.0036548731167969604
20070910,-0.0030816921313488546
20070911,-0.002751147887932424
20070912,-0.002827775932131498
20070913,-0.0032557403210043616
20070914,-0.003823624353818534
20070915,-0.004103268810845879
20070916,-0.003661621682332816
20070917,-0.004132151787542352
20070918,-0.0037476261118883983
20070919,-0.003754677230095339
20070920,-0.003182425234396579
20070921,-0.004673810431808242
20070922,-0.004268683956573373
20070923,-0.004276398452022968
20070924,-0.0045697794797924995
20070925,-0.0036342575671032672
20070926,-0.0034455343904153534
20070927,-0.0013372252019368464
20070928,-0.002015147357414329
20070929,-0.00443646525720292
20070930,-0.004577098582237022
20071001,-0.004696928014435146
20071002,-0.004514706024023487
20071003,-0.0042055202962417845
20071004,-0.004347601263750962
20071005,-0.004781553967411114
20071006,-0.004792375988248993
20071007,-0.004650656079885973
20071008,-0.0048247922441495205
20071009,-0.003517960512300044
20071010,-0.004163013374856062
20071011,-0.004011812401323499
20071012,-0.003851814561652378
20071013,-0.0038890222367921365
20071014,-0.0030748555831833697
20071015,-0.002893073057541851
20071016,-0.003320475461481356
20071017,-0.0033198263784974683
20071018,-0.003301144885125173
20071019,-0.0038231421383845806
20071020,-0.0041894723003575406
20071021,-0.004158177029755802
20071022,-0.00431564249008856
20071023,-0.0029414357746952967
20071024,-0.002347000671925699
20071025,-0.0037356252687553676
20071026,-0.004102582857968427
20071027,-0.0035968665491083926
20071028,-0.0027003032052841194
20071029,-0.0037759134610361755
20071030,-0.003961652473319205
20071031,-0.0024643184918961896
20071101,-0.003683567377190638
20071102,-0.003793341388246592
20071103,-0.004036483371911988
20071104,-0.0034089238372643463
20071105,-0.00354956389125705
20071106,-0.0040399593173400285
20071107,-0.003860445567305028
20071108,-0.003812482765075636
20071109,-0.003960401173929517
20071110,-0.0038972593797811273
20071111,-0.004257600428011791
20071112,-0.00291191792867091
20071113,-0.002150016443582448
20071114,-0.0012827022390127698
20071115,-0.0037901140810624213
20071116,-0.003247405206710366
20071117,-0.0014815280917405264
20071118,-0.0012384960302042013
20071119,-0.0017396670078709212
20071120,-0.0034891461734571235
20071121,-0.002713820613009279
20071122,-0.00286031924928315
20071123,-0.0022367885915788614
20071124,-0.004004133161397654
20071125,-0.004749618394895344
20071126,-0.003884356438987715
20071127,-0.003606335403278464
20071128,-0.0040005313947668025
20071129,-0.003880124948520621
20071130,-0.004490545608907049
20071201,-0.0041365939149943165
20071202,-0.003174869702302568
20071203,-0.004048665867092579
20071204,-0.003623589319764489
20071205,-0.003480231307760553
20071206,-0.003659568762127475
20071207,-0.0036638468084784714
20071208,-0.0029232906318543608
20071209,-0.0037264496614534365
20071210,-0.0035259016043860405
20071211,-0.0035215991817680405
20071212,-0.002918685002060243
20071213,-0.0025168541348681134
20071214,-0.0031479892195761753
20071215,-0.003840357331421233
20071216,-0.003848110197056199
20071217,-0.003403749898559333
20071218,-0.0036523067653664175
20071219,-0.0036318671402778718
20071220,-0.0022045944665773335
20071221,-0.003190727027763097
20071222,-0.002983562226541776
20071223,-0.0025248567561875295
20071224,-0.002707941572099221
20071225,-0.002755013554871701
20071226,-0.0035021735802113064
20071227,-0.003618791014433895
20071228,-0.0032373687215444392
20071229,-0.0036836410131824418
20071230,-0.0035087231790357078
20071231,-0.003610137830824136
20080101,-0.003985191184342981
20080102,-0.003699806879019513
20080103,-0.0026003014395015954
20080104,-0.0031633940643122486
20080105,-0.0032618116743472164
20080106,-0.003558894742081963
20080107,-0.003486308453245136
20080108,-0.002747628328538614
20080109,-0.0032665452335358886
20080110,-0.0033682235966091584
20080111,-0.0025060022546334426
20080112,-0.00371047276162087
20080113,-0.002736930692625415
20080114,-0.0032507031424354772
20080115,-0.004191743462680987
20080116,-0.002680087328971415
20080117,-0.002211939669475391
20080118,-0.002643168486709632
20080119,-0.0029562026301643667
20080120,-0.0032480089829573385
20080121,-0.0026243684079217374
20080122,-0.002838218820234755
20080123,-0.004787655285317302
20080124,-0.00487907291092605
20080125,-0.004392771894418008
20080126,-0.004713730211577619
20080127,-0.004279956730321007
20080128,-0.00414114511279429
20080129,-0.003054161846558166
20080130,-0.004320677757660335
20080131,-0.004101187251027662
20080201,-0.004798878773963505
20080202,-0.004028047273271254
20080203,-0.003556647888159968
20080204,-0.004996802118973979
20080205,-0.004566683603640164
20080206,-0.004190860694172315
20080207,-0.004208918556459628
20080208,-0.0038887925859296918
20080209,-0.003300116755984518
20080210,-0.0035787984611848436
20080211,-0.0024979328734671103
20080212,-0.0010202016719640485
20080213,-0.0018626248507585656
20080214,-0.0013406146970457553
20080215,-0.003616897578567617
20080216,-0.002025921287756661
20080217,-0.003919261194311909
20080218,-0.003281986694855866
20080219,-0.00247190843603275
20080220,-0.0036970312478901528
20080221,-0.004222158250265934
20080222,-0.004810610981847563
20080223,-0.003327293974370697
20080224,-0.002310142298114729
20080225,-0.003455375304654773
20080226,-0.0015422798775059936
20080227,-0.0033099205040869385
20080228,-0.0039686639965693235
20080229,-0.0047561487733488094
20080301,-0.004957101561093381
20080302,-0.003498000512084128
20080303,-0.003629695520821877
20080304,-0.004441473640787642
20080305,-0.0042768869227864156
20080306,-0.003663078450513071
20080307,-0.002171734830522077
20080308,-0.0038863609473682456
20080309,-0.004301554662684331
20080310,-0.0048375981654658305
20080311,-0.004783575814950222
20080312,-0.004332179239108755
20080313,-0.003657959564287005
20080314,-0.0037984479631697735
20080315,-0.004112716948947108
20080316,-0.003916632063493445
20080317,-0.0035614668134083295
20080318,-0.004938977176630531
20080319,-0.0044862635921800054
20080320,-0.0034813796703147474
20080321,-0.0042462157227278075
20080322,-0.00495084044835912
20080323,-0.005225818950859098
20080324,-0.004970477657632425
20080325,-0.005213932641161824
20080326,-0.002611091424444669
20080327,-0.003867751070441745
20080328,-0.0036369388273981506
20080329,-0.003931843566472816
20080330,-0.004895060962648267
20080331,-0.0049648633194802625
20080401,-0.004972126426627483
20080402,-0.004466350802056726
20080403,-0.003063577214478708
20080404,-0.004664328933357841
20080405,-0.005222654617337258
20080406,-0.004439423486606112
20080407,-0.005026992759928576
20080408,-0.004745241888525455
20080409,-0.005367180896460457
20080410,-0.005093242495475076
20080411,-0.004969378395550935
20080412,-0.004897165290644737
20080413,-0.0030432074346752685
20080414,-0.003412242648277232
20080415,-0.004431404456992114
20080416,-0.004675461984330076
20080417,-0.004873144193998972
20080418,-0.004510567862060241
20080419,-0.004817929199423798
20080420,-0.0049650906836267595
20080421,-0.00474179781374544
20080422,-0.004943286418766242
20080423,-0.004604706451987594
20080424,-0.0023398018571547585
20080425,-0.0035707664550794697
20080426,-0.002584922252673346
20080427,-0.0037627334730093733
20080428,-0.002998410856287924
20080429,-0.004070942128279288
20080430,-0.004632182272823104
20080501,-0.004331997438735889
20080502,-0.004029159522780493
20080503,-0.0015391359129966785
20080504,-0.004422734462493611
20080505,-0.004870023210772326
20080506,-0.004540341594070675
20080507,-0.0040095201158211816
20080508,-0.003263290523510062
20080509,-0.0030777897245516635
20080510,-0.0032932385045957063
20080511,-0.002858004866950012
20080512,-0.0018991129463405405
20080513,-0.0018918862904030121
20080514,-0.004845777759106612
20080515,-0.005100243617644641
20080516,-0.005184476518443339
20080517,-0.004787778404076453
20080518,-0.004506420747267676
20080519,-0.00447886047970611
20080520,-0.004560376947621776
20080521,-0.004644293350093526
20080522,-0.003204211810568736
20080523,-0.004078225213929298
20080524,-0.004152959938049371
20080525,-0.004407031397927823
20080526,-0.004597555712613912
20080527,-0.0044793875819704445
20080528,-0.004357786559296707
20080529,-0.004157599576702965
20080530,-0.004318064128728413
20080531,-0.004558194395241372
20080601,-0.004489064755072545
20080602,-0.004864759659905383
20080603,-0.0048978454086742226
20080604,-0.004175730081419809
20080605,-0.00331081976596783
20080606,-0.0037211846387959257
20080607,-0.0022133913433722394
20080608,-0.0038606798151377634
20080609,-0.004603306645839444
20080610,-0.00405655458891709
20080611,-0.0038361163299535732
20080612,-0.003373668488211749
20080613,-0.0032909600955674306
20080614,-0.004370029762918721
20080615,-0.0049899787823657225
20080616,-0.004250548310844555
20080617,-0.004232680425217402
20080618,-0.0041704302956697015
20080619,-0.003230764462076043
20080620,-0.002135930234188948
20080621,-0.0036729675298099486
20080622,-0.004540764229546953
20080623,-0.004412600042059578
20080624,-0.00458479752095813
20080625,-0.0039616048426253285
20080626,-0.0024704755002252048
20080627,-0.0039017385103442357
20080628,-0.004145905420116207
20080629,-0.0027067049863814777
20080630,-0.004581937966608058
20080701,-0.0045456058458279
20080702,-0.003971527459662918
20080703,-0.0018638601685760264
20080704,-0.0031463524595777208
20080705,-0.0034105132419865974
20080706,-0.0040172421647121865
20080707,-0.003729358967868256
20080708,-0.004963550664198875
20080709,-0.004331787847706463
20080710,-0.004630996571154474
20080711,-0.004361984979390834
20080712,-0.004157275634623307
20080713,-0.004438973591191803
20080714,-0.004384973098214106
20080715,-0.004055202149028448
20080716,-0.004286779098326684
20080717,-0.003903018186251106
20080718,-0.003857360896222943
20080719,-0.0031929528816521707
20080720,-0.00302184239789071
20080721,-0.0029771613963658714
20080722,-0.00384459538472717
20080723,-0.0038694826954309503
20080724,-0.004258920324986623
20080725,-0.004520663038959467
20080726,-0.004685525946014603
20080727,-0.004731699021373289
20080728,-0.004596185310481397
20080729,-0.004435740821890766
20080730,-0.0029992468374024457
20080731,-0.0026232820594565467
20080801,-0.0033347694623989134
20080802,-0.004885271308416165
20080803,-0.005133464819279715
20080804,-0.00459987226951307
20080805,-0.004903229122674301
20080806,-0.004884690055820383
20080807,-0.004803296322980948
20080808,-0.004882493564673491
20080809,-0.004494491972981682
20080810,-0.003627857325921626
20080811,-0.004240025639825184
20080812,-0.00356560796918324
20080813,-0.0028026620697490217
20080814,-0.003309878555185362
20080815,-0.003867156753440096
20080816,-0.002870729781375655
20080817,-0.004804023049079127
20080818,-0.004607564420101333
20080819,-0.004361381498808764
20080820,-0.004367749334054941
20080821,-0.004781684261606833
20080822,-0.004454435413461065
20080823,-0.004633093032878338
20080824,-0.004182510657760813
20080825,-0.004235079290141418
20080826,-0.004407171394372571
20080827,-0.004964619717783849
20080828,-0.004732289975154615
20080829,-0.0037811629747730867
20080830,-0.004057591732868459
20080831,-0.004238438719925754
20080901,-0.004469052694651753
20080902,-0.004025678881013618
20080903,-0.00433165811197287
20080904,-0.0035255792051302973
20080905,-0.003592293650518863
20080906,-0.0037080843410294355
20080907,-0.003900928307873768
20080908,-0.004273377157575239
20080909,-0.0029400342670796026
20080910,-0.0033190772868481517
20080911,-0.004477986292061462
20080912,-0.002125338394249042
20080913,-0.004560839822757208
20080914,-0.004396751608667799
20080915,-0.004082716692829099
20080916,-0.0031097099581792165
20080917,-0.0028124427272147394
20080918,-0.0042823190191300445
20080919,-0.004250957910295695
20080920,-0.00299467462965411
20080921,-0.004601453334688161
20080922,-0.004641915771307763
20080923,-0.0043663102679442215
20080924,-0.0038907922556983576
20080925,-0.0041102069897322145
20080926,-0.004508941768309166
20080927,-0.005150617672764662
20080928,-0.004723627907981167
20080929,-0.004281301647504198
20080930,-0.003567509603892848
20081001,-0.004727044856224941
20081002,-0.00444449021812659
20081003,-0.004361964918013789
20081004,-0.004130954085882774
20081005,-0.002847047830005047
20081006,-0.004070764193730815
20081007,-0.004359352992405832
20081008,-0.00464843318037279
20081009,-0.003522815348840287
20081010,-0.004403976771300358
20081011,-0.004513839700556843
20081012,-0.004198213386992937
20081013,-0.0021473344332983936
20081014,-0.004283093550255459
20081015,-0.00487245696065351
20081016,-0.0037561809031417723
20081017,-0.004031544480296843
20081018,-0.0038381812022042776
20081019,-0.0039287493608334756
20081020,-0.0036491165630016227
20081021,-0.003544184375404294
20081022,-0.0032341637832770656
20081023,-0.0036179352922631083
20081024,-0.0032921343183630225
20081025,-0.0028820429579134517
20081026,-0.002828614440710969
20081027,-0.0028536652101199167
20081028,-0.0033445960741612948
20081029,-0.0018256173598680927
20081030,-0.0023567529983202734
20081031,-0.0035669081809164825
20081101,-0.0038059513449417493
20081102,-0.0035468354649913
20081103,-0.0037292688771804125
20081104,-0.003958468365538587
20081105,-0.0034697833055333535
20081106,-0.0030052405943734786
20081107,-0.004021349693293298
20081108,-0.0016010294314818263
20081109,-0.00422525890178039
20081110,-0.003841394304400637
20081111,-0.0034996607021169617
20081112,-0.00377475442387807
20081113,-0.003459229883303988
20081114,-0.0017543850848470214
20081115,-0.0032133210704549634
20081116,-0.0044350145291463215
20081117,-0.003961374445286416
20081118,-0.004430325488720618
20081119,-0.0031608714489024434
20081120,-0.0030478745783568866
20081121,-0.0036901068733754014
20081122,-0.003160279154142513
20081123,-0.0031832512057810747
20081124,-0.0024108153743899324
20081125,-0.002667181455835914
20081126,-0.003896672720638799
20081127,-0.004260356101803927
20081128,-0.003718672387227986
20081129,-0.004086945650206773
20081130,-0.003617347966839337
20081201,-0.0034149378992277693
20081202,-0.0027761832519420135
20081203,-0.0029929499344586497
20081204,-0.0033853395303626932
20081205,-0.0032038189638774915
20081206,-0.0030435396757233523
20081207,-0.0032575941869610625
20081208,-0.003329448594600804
20081209,-0.0035275028815970294
20081210,-0.0034095166214579854
20081211,-0.003739429196348396
20081212,-0.0037795293267053184
20081213,-0.00395743708960698
20081214,-0.004005680779719939
20081215,-0.0035489890458449158
20081216,-0.003863448226541337
20081217,-0.003119348437997577
20081218,-0.003286109240292863
20081219,-0.0024846073595637557
20081220,-0.0037376026471443147
20081221,-0.003490088559126777
20081222,-0.002405388592045571
20081223,-0.0038621045339255157
20081224,-0.00274988055686597
20081225,-0.0037625865951118947
20081226,-0.0022667609168156716
20081227,-0.003298619021379971
20081228,-0.002155702757143079
20081229,-0.0031623837520362067
20081230,-0.002461879057528473
20081231,-0.0018612086831069088
20090101,-0.0029671175649084143
20090102,-0.0025942548376789655
20090103,-6.444318164258959E-4
20090104,-0.0027388258386277474
20090105,-0.0034609295874450012
20090106,-0.0035080613762160455
20090107,-0.0032703386105089154
20090108,-0.003302083534236016
20090109,-0.00382146971853458
20090110,-0.003981065349009943
20090111,-0.0019304717892214276
20090112,-0.001397276060342935
20090113,-0.002317779069727746
20090114,-0.0010253023701822129
20090115,-0.0012015379630409362
20090116,-0.0011189875438394937
20090117,-0.0014151762119292862
20090118,-0.0019478215778263822
20090119,-0.002633042550432427
20090120,-0.0037089948800729904
20090121,-0.002918335674881425
20090122,-0.004204289002061602
20090123,-0.004040866280849466
20090124,-0.0025997659917569604
20090125,-0.0036240038397767405
20090126,-0.0034893970026706866
20090127,-0.0038373081003859567
20090128,-0.004113411912501472
20090129,-0.004821703087497357
20090130,-0.0037054560317202868
20090131,-0.0036713901569094152
20090201,-0.003695314843768837
20090202,-0.0020682707442273188
20090203,-0.0020517522783750413
20090204,-0.0036559455513868852
20090205,-0.003910957104173311
20090206,-0.0022030221402206444
20090207,-8.82444421856559E-4
20090208,-0.003887337941223943
20090209,-0.004008112701659518
20090210,-0.0029441284443697128
20090211,-0.0023476016605472948
20090212,-0.00204410858129964
20090213,-9.667965337904861E-4
20090214,-0.0034658165526363907
20090215,-0.0034959642909598715
20090216,-0.004205420193063823
20090217,-0.004957196982388741
20090218,-0.004507981938661171
20090219,-0.004040976702858042
20090220,-0.0046964219983060915
20090221,-0.003863758948949539
20090222,-0.0040827776545675236
20090223,-0.004368370005711047
20090224,-0.003479961637319314
20090225,-0.0021568896258925396
20090226,-0.003808202314520825
20090227,-0.004399417601851144
20090228,-0.003113725148974931
20090301,-0.004249571284418359
20090302,-0.004394745914750138
20090303,-0.004218941977576477
20090304,-0.004195652075943814
20090305,-0.004770997882287658
20090306,-0.00450340885341066
20090307,-0.004284111756364046
20090308,-0.004333142257374464
20090309,-0.0045105372038423425
20090310,-0.004942154092147066
20090311,-0.004119931947037425
20090312,-0.0028734139927736805
20090313,-0.0032910036082098837
20090314,-0.004231707045409387
20090315,-0.004453153181358236
20090316,-0.004587052511297544
20090317,-0.004330760998889812
20090318,-0.0046259570366285864
20090319,-0.0044130114878780805
20090320,-0.003935789467113117
20090321,-0.004318769806265836
20090322,-0.004657140066449759
20090323,-0.00469102329817236
20090324,-0.005079010543828134
20090325,-0.004692297736314229
20090326,-0.0052609867034076425
20090327,-0.004917844829028045
20090328,-0.005115776985779498
20090329,-0.004035130337963481
20090330,-0.003126833602547017
20090331,-0.004829467899139572
20090401,-0.004802708353425558
20090402,-0.005251269310161806
20090403,-0.0040337225254718015
20090404,-0.004009263189602909
20090405,-0.004244463416515717
20090406,-0.004254366598810118
20090407,-0.004525876310736541
20090408,-0.004622292056089494
20090409,-0.004049594487515081
20090410,-0.004562475037316839
20090411,-0.004746973573193159
20090412,-0.004418260011626429
20090413,-0.003549641179823456
20090414,-0.003304626468088396
20090415,-0.0032175495463603377
20090416,-0.003957490248863942
20090417,-0.00383686120008866
20090418,-0.001353169100643807
20090419,-0.003838758145262493
20090420,-0.0021689156193145246
20090421,-0.003873178342833317
20090422,-0.0035511381832418285
20090423,-0.004697681336211582
20090424,-0.00486921022403836
20090425,-0.004043669130781449
20090426,-0.004481372698862081
20090427,-0.004472866804998996
20090428,-0.004541613111021127
20090429,-0.0034672804373694103
20090430,-0.0038831835234083584
20090501,-0.003806694439379951
20090502,-0.0042256186634262345
20090503,-0.004255979607401242
20090504,-0.004353682083958857
20090505,-0.005156989351800103
20090506,-0.0047310998878296725
20090507,-0.004987493373347607
20090508,-0.0046442992943347555
20090509,-0.003813600710082315
20090510,-0.003980674375042698
20090511,-0.004414657323046472
20090512,-0.003480984470407737
20090513,-0.004317581943113
20090514,-0.004750134403932077
20090515,-0.00388541157111802
20090516,-0.0041909846795800025
20090517,-0.0031624577713064163
20090518,-0.003031416580802405
20090519,-0.002765162281770293
20090520,-0.004035829058034734
20090521,-0.004126765920797055
20090522,-0.004268875912974224
20090523,-0.004576011687781405
20090524,-0.004592670096366419
20090525,-0.004431372552937288
20090526,-0.0042198231814499455
20090527,-0.0041871339602862195
20090528,-0.003863771454608304
20090529,-0.0043642665324524245
20090530,-0.004228097066565104
20090531,-0.004244810512050187
20090601,-0.0039648949905245244
20090602,-0.0047524715540158795
20090603,-0.004966970971827273
20090604,-0.004619793118632592
20090605,-0.0054799735422622385
20090606,-0.00533064257356624
20090607,-0.004162955684877427
20090608,-0.003962965446179846
20090609,-0.003915627889861255
20090610,-0.003216468186569769
20090611,-0.0019711073728564555
20090612,-0.0022588274224639485
20090613,-0.0038261205397645435
20090614,-0.0035846976360323114
20090615,-0.003656161054426911
20090616,-0.004492124534786761
20090617,-0.004579801226246456
20090618,-0.0042680915568542935
20090619,-0.004534886640044621
20090620,-0.004658779946035403
20090621,-0.004731216543418729
20090622,-0.0045579292692864894
20090623,-0.002838574580826336
20090624,-0.0038551530976576186
20090625,-0.004210721645654212
20090626,-0.0038685200764447215
20090627,-0.0036411270889596444
20090628,-0.0043873506122296905
20090629,-0.0044464201633807356
20090630,-0.004119715549758922
20090701,-0.0033402265844628604
20090702,-0.004334151661016044
20090703,-0.004416027923186223
20090704,-0.004191435890123064
20090705,-0.004412490221663258
20090706,-0.003929732256556229
20090707,-0.00419485917965757
20090708,-0.0038240770702600603
20090709,-0.004209722807261716
20090710,-0.003987534356715228
20090711,-0.004245692600710342
20090712,-0.00396793070747048
20090713,-0.0032639495521333012
20090714,-0.0014542748847697852
20090715,-0.00373390512608521
20090716,-0.0043223412505961
20090717,-0.004387722642720324
20090718,-0.002886233586088719
20090719,-0.00337799199766521
20090720,-0.003052773260196749
20090721,-0.003030920401838365
20090722,-0.004129826220325785
20090723,-0.00474299450955906
20090724,-0.004343596114849548
20090725,-0.0035452705921431875
20090726,-0.0031475938686098865
20090727,-0.003436366090596079
20090728,-0.0043314508717210405
20090729,-0.0031193975083792617
20090730,-0.003935767271000838
20090731,-0.003907992263282957
20090801,-0.004129407238891427
20090802,-0.005029843061259409
20090803,-0.004996100738932749
20090804,-0.005025516197102326
20090805,-0.00539572375748578
20090806,-0.00548502537634846
20090807,-0.005471953862862691
20090808,-0.004915767484001251
20090809,-0.005031752964112596
20090810,-0.004508644976034172
20090811,-0.004053221094311634
20090812,-0.004508923190818468
20090813,-0.004579281889337969
20090814,-0.004378589998876572
20090815,-0.004481299339232001
20090816,-0.0019641402068105787
20090817,-0.004656558522975637
20090818,-0.004604695495282144
20090819,-0.004951592599993341
20090820,-0.004242388766235761
20090821,-0.004729040245268009
20090822,-0.0046718046881923225
20090823,-0.003887598341766787
20090824,-0.004299557907099108
20090825,-0.004147573366204337
20090826,-0.004443020110285953
20090827,-0.003941862086407408
20090828,-0.004348784923233909
20090829,-0.003431398188440606
20090830,-0.003967724931807095
20090831,-0.004824262611732274
20090901,-0.004427927773955581
20090902,-0.004166057018569254
20090903,-0.0036442800287665974
20090904,-0.004877259969995018
20090905,-0.004565538748706722
20090906,-0.005149076658875176
20090907,-0.0050217274738926995
20090908,-0.005121747169447499
20090909,-0.002945133305057748
20090910,-0.0034555517911140214
20090911,-0.0030064744866170933
20090912,-0.004207881665908787
20090913,-0.004788722216289639
20090914,-0.004679375917419508
20090915,-0.005082983353026573
20090916,-0.004215598440619518
20090917,-0.0041625351633781445
20090918,-0.0045571924657910835
20090919,-0.004232904817382367
20090920,-0.003876551838372649
20090921,-0.0035455560398861548
20090922,-0.0030314162884999157
20090923,-0.004609907732208465
20090924,-0.0043777362911200665
20090925,-0.0026363863443966107
20090926,-0.002293561988909295
20090927,-0.004092871879829081
20090928,-0.0046231279114393505
20090929,-0.004108290918857782
20090930,-0.0039962445358323875
20091001,-0.0032136298144207543
20091002,-0.004005429017993426
20091003,-0.004768215733884182
20091004,-0.004807258679353034
20091005,-0.004401622495583914
20091006,-0.004941071138494556
20091007,-0.004550323303914436
20091008,-0.003997258202478198
20091009,-0.004487598998356281
20091010,-0.0047072759379948636
20091011,-0.004384781315153705
20091012,-0.004219352218224067
20091013,-0.001701361444653817
20091014,-0.0035928046240274528
20091015,-0.004364732389842082
20091016,-0.0041113016801703215
20091017,-0.004028594683933706
20091018,-0.004287143140380376
20091019,-0.004675498881483933
20091020,-0.00418865492737415
20091021,-0.004160021392473072
20091022,-0.004300756469962052
20091023,-0.003556316429980505
20091024,-0.003517023325646519
20091025,-0.004429092477114835
20091026,-0.003988121799776564
20091027,-0.004256925659863377
20091028,-0.003988347922086443
20091029,-0.004726900142965272
20091030,-0.003924216462544699
20091031,-0.00465277467474324
20091101,-0.0046413241988057085
20091102,-0.004663683908572036
20091103,-0.004207260995664369
20091104,-0.003387002342586096
20091105,-0.004042647621864339
20091106,-0.003927693713812213
20091107,-0.004122515303975348
20091108,-0.0032341289273820936
20091109,-0.00400949280223391
20091110,-0.003934059300666477
20091111,-0.004055161114276722
20091112,-0.0041500703819432085
20091113,-0.0037592706554046697
20091114,-0.0033400324513369302
20091115,-0.00402077661992439
20091116,-0.003245302762575728
20091117,-0.003246703773111247
20091118,-0.0038663965424509863
20091119,-0.0032074276299768906
20091120,-0.0021765728387973774
20091121,-0.0010453833045325229
20091122,-0.0014367896722492254
20091123,-0.0012587654640044967
20091124,-0.0010070508355162777
20091125,-0.0013225825986850368
20091126,-0.0032771543046669527
20091127,-0.003975880714507358
20091128,-0.004048177508044593
20091129,-0.003597069539890473
20091130,-0.004120267510204806
20091201,-0.004314921876865507
20091202,-0.0037141531443119534
20091203,-0.00373562265123862
20091204,-0.004013878501729031
20091205,-0.004279152880482062
20091206,-0.00385840499899677
20091207,-0.0038290347843468325
20091208,-0.003460465396595669
20091209,-0.003288967928606718
20091210,-0.0038322088452969728
20091211,-0.0037059088089594263
20091212,-0.003414749643702495
20091213,-0.002540884917110869
20091214,-0.003678229455370101
20091215,-0.003480639356050002
20091216,-0.004095709493113237
20091217,-0.0038026456229901394
20091218,-0.003674473741731854
20091219,-0.003351131654018392
20091220,-0.0031104636784227615
20091221,-0.002917321377923641
20091222,-0.002884838284230054
20091223,-0.003495439396203191
20091224,-0.0026325149205595677
20091225,-0.003795666710654073
20091226,-0.003921115396429364
20091227,-0.0034150841164564123
20091228,-0.003963288113590511
20091229,-0.003890310687020119
20091230,-0.003733114689016793
20091231,-0.003518758999214313
20100101,-0.0036180564923478584
20100102,-0.0038373377556844344
20100103,-0.004009018172366176
20100104,-0.0042042055877141256
20100105,-0.004105924328737992
20100106,-0.004087697404254537
20100107,-0.004123601710896276
20100108,-0.00270556603937136
20100109,-0.0020563240802294134
20100110,-0.0026337940126476326
20100111,-0.001901491719240792
20100112,-0.0011851265161659733
20100113,-0.003653239043620804
20100114,-0.004078604336586195
20100115,-0.0023573378578315403
20100116,-0.001330316626194446
20100117,-0.0027853978476611754
20100118,-0.003987225898109346
20100119,-0.0024310980538452447
20100120,-0.0034401712676522165
20100121,-0.003406866714496622
20100122,-0.003240509846011842
20100123,-0.0027824563002683193
20100124,-0.0034989880329579816
20100125,-0.003597310364011554
20100126,-0.0040960377373707255
20100127,-0.003443286827298092
20100128,-0.0037830716033281134
20100129,-0.004167503736532519
20100130,-0.0021603965273439183
20100131,-0.004330395359020697
20100201,-0.005039381483181259
20100202,-0.0032632513853651456
20100203,-0.004829105426970645
20100204,-0.003994723367883983
20100205,-0.004546043094647068
20100206,-0.004875443386841169
20100207,-0.004744754713303945
20100208,-0.004540186196047916
20100209,-0.004006072278158301
20100210,-0.0045267397002015505
20100211,-0.00393494975141902
20100212,-0.004132346428729109
20100213,-0.004964936746492723
20100214,-0.004258391339115448
20100215,-0.003627313540737314
20100216,-0.004643053466621816
20100217,-0.003775270851225013
20100218,-0.004490892676697311
20100219,-0.001909571095656614
20100220,-0.004058406221938959
20100221,-0.004336087046236116
20100222,-0.0038674421722812535
20100223,-0.0033316582182956857
20100224,-0.0029705599188141456
20100225,-0.0047915601489668695
20100226,-0.004800399165918185
20100227,-0.004223549066573911
20100228,-0.005113307247834072
20100301,-0.0048831049831802335
20100302,-0.004056905960775666
20100303,-0.004501652968203202
20100304,-0.004500285600286674
20100305,-0.005076353938676842
20100306,-0.00393281849200119
20100307,-0.004984494207738619
20100308,-0.00501363232383484
20100309,-0.004726166299337183
20100310,-0.004659849582034683
20100311,-0.004872312732883764
20100312,-0.004495805505252
20100313,-0.004467842775078388
20100314,-0.0042799038557800075
20100315,-0.004328866566854954
20100316,-0.0041978985609687275
20100317,-0.00381196432554744
20100318,-0.004019942865941064
20100319,-0.0035653443630565516
20100320,-0.0036544786716521515
20100321,-0.0032941881508230524
20100322,-0.004848556740918413
20100323,-0.005057474884776928
20100324,-0.0046204632710991405
20100325,-0.0043322739649418
20100326,-0.003983760465119608
20100327,-0.004671774203062326
20100328,-0.0030384402607859786
20100329,-0.0011870797263362801
20100330,-0.0033296816822723234
20100331,-0.003972976831821461
20100401,-0.004483883918224213
20100402,-0.004750993661071814
20100403,-0.00375830553106547
20100404,-0.005211007792553095
20100405,-0.004638012316214549
20100406,-0.00435909735665347
20100407,-0.0043722330537859936
20100408,-0.004802163363302708
20100409,-0.0033408264757244727
20100410,-0.004001145750771121
20100411,-0.005159914317171828
20100412,-0.0044512787521160165
20100413,-0.0036226551755370122
20100414,-0.005225224271022168
20100415,-0.003860591972545128
20100416,-0.00538008331156891
20100417,-0.004330445380823762
20100418,-0.0031990660610938097
20100419,-0.0045663574370233
20100420,-0.005351876320655586
20100421,-0.0048158285317989455
20100422,-0.005790161359195872
20100423,-0.005069417087511357
20100424,-0.0052678079963794
20100425,-0.00543257750675219
20100426,-0.003875150328921459
20100427,-0.0026056186289497175
20100428,-0.00382430528657465
20100429,-0.004960011606541818
20100430,-0.004649267669522329
20100501,-0.004751209557191726
20100502,-0.005381197176450351
20100503,-0.004434699777834077
20100504,-0.0031241761819292995
20100505,-0.004865451097996922
20100506,-0.003982377099399676
20100507,-0.003448501586747182
20100508,-0.004994629810141047
20100509,-0.00504013072802383
20100510,-0.0026004626604053515
20100511,-0.0042137577224574
20100512,-0.0051678370063685565
20100513,-0.005216474939662083
20100514,-0.004050384476784166
20100515,-0.0034131848600345745
20100516,-0.00483249011981581
20100517,-0.003188732429992109
20100518,-0.0031179539685920123
20100519,-0.004533139771123876
20100520,-0.00524420137721497
20100521,-0.00527317782883442
20100522,-0.004985195727783448
20100523,-0.0036704195031807443
20100524,-0.004158096209464609
20100525,-0.004621151648386914
20100526,-0.003927013205249192
20100527,-0.0036100837192590543
20100528,-0.004449469478033081
20100529,-0.0032465889870209913
20100530,-0.005014477930454133
20100531,-0.004457197724102018
20100601,-0.004384676153364379
20100602,-0.00465345530484855
20100603,-0.0046957255356372615
20100604,-0.0046995398188422665
20100605,-0.005539357699972975
20100606,-0.004040734136890679
20100607,-0.004163231430923663
20100608,-0.004417539217352396
20100609,-0.00435563233838643
20100610,-0.004127406845993665
20100611,-0.004390168247129486
20100612,-0.004251926533110424
20100613,-0.005140076272983114
20100614,-0.0032920718823264104
20100615,-0.004467586065466707
20100616,-0.004118628440152155
20100617,-0.004042955929310911
20100618,-0.003256352080225608
20100619,-0.0031400088811709094
20100620,-0.00361568783015264
20100621,-0.002170540218697776
20100622,-0.0044809776206831235
20100623,-0.004750071470700988
20100624,-0.0050963179065112284
20100625,-0.002484830999798184
20100626,-0.0037187374905581667
20100627,-0.003974190553690442
20100628,-0.003981399626100264
20100629,-0.003587242653192984
20100630,-0.004639381103146953
20100701,-0.003949743960964246
20100702,-0.004692104630627138
20100703,-0.00415506417154852
20100704,-0.0045705012829612614
20100705,-0.003465173548278355
20100706,-0.0033580746919661363
20100707,-0.003381168178043685
20100708,-0.004417373951465742
20100709,-0.004238375088063491
20100710,-0.0035361027195258583
20100711,-0.003755360823153795
20100712,-0.004535081624500746
20100713,-0.003920935673663407
20100714,-0.003607272469075507
20100715,-0.004232247930073591
20100716,-0.0050959122529396425
20100717,-0.005088288902722707
20100718,-0.0035883974496175156
20100719,-0.0032658864623894605
20100720,-0.004633209577878277
20100721,-0.004276181554359121
20100722,-0.0033864543993917954
20100723,-0.003210992465746019
20100724,-0.002269004689531555
20100725,-0.0038349019406793456
20100726,-0.0035349142957937394
20100727,-0.0023445576541605852
20100728,-0.004069685543186626
20100729,-0.003837136452389103
20100730,-0.002633172553729306
20100731,-0.0037342937015784434
20100801,-0.003694186811958237
20100802,-0.004517883544741992
20100803,-0.0028697580804893023
20100804,-0.0037356328179233575
20100805,-0.002434722626867454
20100806,-0.002527321756873956
20100807,-0.0042785345325056425
20100808,-0.0036747405205719836
20100809,-0.002884492055215223
20100810,-0.004435585183158647
20100811,-0.0035256484680859877
20100812,-0.004490342060182031
20100813,-0.004827038487136162
20100814,-0.004523575739942449
20100815,-0.003167682581279161
20100816,-0.004321737312194518
20100817,-0.003113383546768961
20100818,-0.0037288298787700918
20100819,-0.004640375567798148
20100820,-0.0027445323334903313
20100821,-0.003808527732595824
20100822,-0.004199642109617765
20100823,-0.004470703967703823
20100824,-0.004368828425175785
20100825,-0.004762232604458846
20100826,-0.004850591191073466
20100827,-0.005088433677598076
20100828,-0.0024678310552010323
20100829,-0.004443619043429549
20100830,-0.005239831184523964
20100831,-0.004558173821684728
20100901,-0.003896101377998704
20100902,-0.003955548261314344
20100903,-0.004588720862084222
20100904,-0.004754689346857792
20100905,-0.004617151525732064
20100906,-0.0038771801446283696
20100907,-0.004419761638086539
20100908,-0.004358111922869227
20100909,-0.005118951684313129
20100910,-0.003960857104953578
20100911,-0.0037984572009427666
20100912,-0.00407175647974264
20100913,-0.0036861364628446476
20100914,-0.003970510668874251
20100915,-0.003834073138663429
20100916,-0.004592001906652868
20100917,-0.0047345016135557205
20100918,-0.003952570158296695
20100919,-0.004851129180923215
20100920,-0.0046603898452692635
20100921,-0.004172028713989713
20100922,-0.0049022992829827906
20100923,-0.005095519123762213
20100924,-0.00414765895171965
20100925,-0.0045907965128115956
20100926,-0.004711808378114395
20100927,-0.004419486717241995
20100928,-0.0044306806718649614
20100929,-0.003322846628638935
20100930,-0.0031562927830515565
20101001,-0.004136095576855928
20101002,-0.00403990266375771
20101003,-0.004113055815629402
20101004,-0.0046737744498928065
20101005,-0.004798607722028393
20101006,-0.004009579148436944
20101007,-0.0033955033092936803
20101008,-0.002632201212477367
20101009,-0.0033606675976773056
20101010,-0.002385878745154188
20101011,-0.0033105323368222022
20101012,-0.003166352202000416
20101013,-0.003405004638582883
20101014,-0.003698322281068163
20101015,-0.003704576613136113
20101016,-0.003602427376512437
20101017,-0.004136482605752716
20101018,-0.0044816321377625454
20101019,-0.004582646725534317
20101020,-0.004826211613154817
20101021,-0.004515291726064301
20101022,-0.004279369237381478
20101023,-0.004474357861544352
20101024,-0.004656605793803034
20101025,-0.003977304485534452
20101026,-0.003092840776860049
20101027,-0.003545284099268865
20101028,-0.003967801989743125
20101029,-0.0032336881646904897
20101030,-0.003229106439248092
20101031,-0.003339801014228927
20101101,-0.0024848110581446848
20101102,-0.003440759996070952
20101103,-0.004778746632714341
20101104,-0.0037860378315099454
20101105,-0.0035665113450051747
20101106,-0.0038063003387146716
20101107,-0.002671830387904907
20101108,-0.004335045658424398
20101109,-0.0025111604060300166
20101110,-0.003861830381297726
20101111,-0.0040060974556546305
20101112,-0.004195220713855636
20101113,-0.004597228888224108
20101114,-0.00420170233167709
20101115,-0.0025441000568920597
20101116,-0.0032864378400042408
20101117,-0.004058164710459121
20101118,-0.00372878197428014
20101119,-0.004072020120336779
20101120,-0.003588535320766279
20101121,-0.0031984403399921936
20101122,-0.003054796796365504
20101123,-0.004033169051019423
20101124,-0.004130202831238292
20101125,-0.0034571824445569347
20101126,-0.00372642414056409
20101127,-0.003345939370853444
20101128,-0.0038601422752282686
20101129,-0.003580434775024058
20101130,-0.0033939378076534516
20101201,-0.0038379032253627117
20101202,-0.0036936055706503815
20101203,-0.0032469074004721444
20101204,-0.004149337178049715
20101205,-0.0037244970011102913
20101206,-0.00234681454205638
20101207,-0.002599282372209351
20101208,-0.002512748668560754
20101209,-0.0020421538728147134
20101210,-0.00298908582683083
20101211,-0.0031886022614637556
20101212,-0.00347482705522469
20101213,-0.0038409510428801075
20101214,-0.003584206029468823
20101215,-0.0034787656629043217
20101216,-0.0035842373724451967
20101217,-0.0038985839309966398
20101218,-0.003970668100012421
20101219,-0.0032706345568816277
20101220,-0.003022739309202489
20101221,-0.0030343347842752
20101222,-0.0038776931843272234
20101223,-0.0028418653972114667
20101224,-0.003841899818207442
20101225,-0.0031889420214394706
20101226,-0.0036097055403647173
20101227,-0.0033663648431004442
20101228,-0.0038585510332256614
20101229,-0.003073792322827357
20101230,-0.0023245795326265065
20101231,-0.0032174230820415676
20110101,-0.0028418040448997045
20110102,-0.0029337348199936445
20110103,-0.0021884637700599775
20110104,-0.002155597178752002
20110105,-0.0032604591366028396
20110106,-0.0029233144249994998
20110107,-0.0037660145206410843
20110108,-0.003714095255358917
20110109,-0.003960352267765866
20110110,-0.0038441372345492495
20110111,-0.003782949569089038
20110112,-0.0034107464620923827
20110113,-0.0030589108007692584
20110114,-0.0034469985168632494
20110115,-0.003236877260178655
20110116,-0.003309338197350706
20110117,-0.002805881115487596
20110118,-0.002433065008910122
20110119,-0.0033352651352464304
20110120,-0.0031293816050002405
20110121,-0.0038097682445591093
20110122,-0.0037150476188606975
20110123,-0.003176823121335247
20110124,-0.002968129905772298
20110125,-0.0039833672670579875
20110126,-0.003227873286053658
20110127,-0.003592321292515182
20110128,-0.0019631103481376555
20110129,-0.001130087559106659
20110130,-0.003007185914742307
20110131,-9.800622383551812E-4
20110201,-0.001127591886223248
20110202,-0.0017913771184610984
20110203,-0.003487084934864501
20110204,-0.003245466855754553
20110205,-0.004258205600690896
20110206,-0.0027986670510329235
20110207,-0.003937018960353891
20110208,-0.004239233952669511
20110209,-0.0039300007475845155
20110210,-0.003942561587388952
20110211,-0.004250438188303518
20110212,-0.0032296553194141003
20110213,-0.0036647599820968605
20110214,-0.003972529475054586
20110215,-0.00428749162510632
20110216,-0.004238768070082461
20110217,-0.0021010947336231657
20110218,-0.0022164417768035087
20110219,-0.002831276464403206
20110220,-0.00426668331405496
20110221,-0.003880044385857067
20110222,-0.0033125846422539973
20110223,-0.002166187332138199
20110224,-0.004018173769307761
20110225,-0.003766039894976771
20110226,-0.003535855950225979
20110227,-8.142020652481644E-4
20110228,-0.0033874335065665765
20110301,-0.004278914407909219
20110302,-0.0034900485265044997
20110303,-0.0039168778431021255
20110304,-0.004440012485988544
20110305,-0.004625445261010741
20110306,-0.0038144581646397603
20110307,-0.0032236135899830144
20110308,-0.0034463087345826156
20110309,-0.0033179109674384226
20110310,-0.004335089572503231
20110311,-0.0038598084215594785
20110312,-0.004027068799766444
20110313,-0.004510438538623086
20110314,-0.002338571531524169
20110315,-0.003853084616265495
20110316,-0.003407208532569491
20110317,-0.0043925402287977
20110318,-0.0035798967848732167
20110319,-0.003858885333288388
20110320,-0.0035536949866390526
20110321,-0.0035986683537011593
20110322,-0.0038165618775013316
20110323,-0.004212325298105294
20110324,-0.0012618594960672061
20110325,-0.003027193327550212
20110326,-0.0026387255088167814
20110327,-0.0042013807914126735
20110328,-0.0044845728000155165
20110329,-0.004157551143466095
20110330,-0.005024127508132989
20110331,-0.004173645863607739
20110401,-0.0033391407994847
20110402,-0.0036363629341831763
20110403,-0.0043049191481064186
20110404,-0.005012465894835266
20110405,-0.0044072159582059
20110406,-0.004031769252506866
20110407,-0.0037425718129907725
20110408,-0.004300392921440751
20110409,-0.004375880601557453
20110410,-0.004612650390408617
20110411,-0.0039356113901645754
20110412,-0.004814046857221146
20110413,-0.004196859088658642
20110414,-0.004339582264834519
20110415,-0.0036163253146799376
20110416,-0.003965912234293481
20110417,-0.003556630507722366
20110418,-0.00473635052667228
20110419,-0.0037706324785079545
20110420,-0.004390472570608046
20110421,-0.0037794199910269623
20110422,-0.0014131085581767923
20110423,-0.0017963767197451577
20110424,-0.003946321013778533
20110425,-0.004366398020300247
20110426,-0.0037717681708133123
20110427,-0.005093905594649091
20110428,-0.004618979738853673
20110429,-0.004249404072573373
20110430,-0.004066237213225699
20110501,-0.0037987400379392044
20110502,-0.0041371149383947516
20110503,-0.003253340979090182
20110504,-0.0013586472379150327
20110505,-0.0027944114586294887
20110506,-0.003982452108432511
20110507,-0.0040205713845070865
20110508,-0.00420452031726038
20110509,-0.0038724407183597233
20110510,-0.004175708980545638
20110511,-0.002720150140679098
20110512,-0.004176585190905768
20110513,-0.00466862095231815
20110514,-0.0041893796876800215
20110515,-0.004160394361966197
20110516,-0.003740203283989049
20110517,-0.0031375383351199544
20110518,-0.003175014462754356
20110519,-0.00368759213027749
20110520,-0.00402835809280318
20110521,-0.003821471462795372
20110522,-0.004013401363974763
20110523,-0.003865461179832197
20110524,-0.0038819024547336453
20110525,-0.0031484303189339984
20110526,-0.0032500173755573448
20110527,-0.0030308574136960515
20110528,-0.003863537956967044
20110529,-0.0035217644514068474
20110530,-0.003769583366723468
20110531,-0.004194542640903701
20110601,-0.0039396485406698
20110602,-0.0033523635181661126
20110603,-0.003918052332052262
20110604,-0.004559998886937577
20110605,-0.004642084131399707
20110606,-0.0028098079785595278
20110607,-0.0026642352774821393
20110608,-0.0033150280790401033
20110609,-0.0036582059730836504
20110610,-0.0037710004026921275
20110611,-0.0031592462608810525
20110612,-0.00297945733929558
20110613,-0.0032810898263051867
20110614,-0.0030835093811835542
20110615,-0.0026239506269126692
20110616,-0.003122419410521561
20110617,-0.0029834834235114905
20110618,-0.0029195576412759747
20110619,-0.003530495587020291
20110620,-0.004850572797610696
20110621,-0.003526212140002536
20110622,-0.003752576169960221
20110623,-0.004065402860881627
20110624,-0.004689271255825099
20110625,-0.00431495050089149
20110626,-0.004478422308010805
20110627,-0.00445504750084473
20110628,-0.0039403697406685334
20110629,-0.0027832959935311036
20110630,-0.0028151743656121683
20110701,-0.0028975716062767318
20110702,-0.0034371338342582634
20110703,-0.003592622357430986
20110704,-0.003245730599637681
20110705,-0.0032826733114155364
20110706,-0.0043365836757266515
20110707,-0.00397254079688719
20110708,-0.0031422859254578764
20110709,-0.0033865286620929176
20110710,-0.0027304525947751375
20110711,-0.004104713122577328
20110712,-0.004600011934120581
20110713,-0.004107225492854673
20110714,-0.003439384135031743
20110715,-0.004624275667616336
20110716,-0.004747040260761923
20110717,-0.00397185614139292
20110718,-0.003886580861997008
20110719,-0.00423118113618438
20110720,-0.003378140249943701
20110721,-0.0031905826791322014
20110722,-0.002730148710544726
20110723,-0.0025523061251233933
20110724,-0.004557095629187723
20110725,-0.0035515532453190123
20110726,-0.0029089999612505286
20110727,-0.003718114455324753
20110728,-0.004034652184958054
20110729,-0.002454669131959655
20110730,-0.003004291831730545
20110731,-0.0027600160187475323
20110801,-0.004118531126194325
20110802,-0.004445555850259572
20110803,-0.0047168231076283144
20110804,-0.004966748285830889
20110805,-0.004288613688236708
20110806,-0.0037278107550466236
20110807,-0.0028043518673273207
20110808,-0.004278671665419552
20110809,-0.004484390404107363
20110810,-0.0017571703328506608
20110811,-0.004402218807526559
20110812,-0.003736424216660828
20110813,-0.0035900748475851283
20110814,-0.003978878184303022
20110815,-0.0044295766892163725
20110816,-0.004297137210230341
20110817,-0.002757249242574315
20110818,-0.004177709843447753
20110819,-0.003077773680925321
20110820,-0.0035824482241227796
20110821,-0.0022390573831183726
20110822,-0.0030758408962257454
20110823,-0.0037766221918223942
20110824,-0.003914288161167783
20110825,-0.004729252127284311
20110826,-0.004830994411137924
20110827,-0.004606707537319113
20110828,-0.004788682607469219
20110829,-0.004391495311203003
20110830,-0.004592755468659495
20110831,-0.004795801736552328
20110901,-0.00492003620551855
20110902,-0.004554364630378801
20110903,-0.004704461158445287
20110904,-0.004442476736559426
20110905,-0.003565737947851281
20110906,-0.004806537651017467
20110907,-0.004573156363553553
20110908,-0.00385738366073204
20110909,-0.0025491806939907467
20110910,-0.004104439499330618
20110911,-0.0031022954328024494
20110912,-0.004522941412144568
20110913,-0.004613415279621182
20110914,-0.004797977556999033
20110915,-0.004562123973396897
20110916,-0.0038155265335594844
20110917,-0.004084526814571605
20110918,-0.0038809912845605807
20110919,-0.0034592339849356104
20110920,-0.0038484373365130736
20110921,-0.0042981873738413955
20110922,-0.0039401271563113795
20110923,-0.0030577319431411023
20110924,-0.0027610607628444908
20110925,-0.0037651450309294054
20110926,-0.0035256326375516993
20110927,-0.004238779370167206
20110928,-0.004298139722761885
20110929,-0.004659771725681636
20110930,-0.004532469914107553
20111001,-0.004090956762238786
20111002,-0.004082601088560858
20111003,-0.004013350692664866
20111004,-0.004028571129668193
20111005,-0.004240251283359646
20111006,-0.003586848365074281
20111007,-0.0028103113918763914
20111008,-0.0024946796942944436
20111009,-0.003057754024292847
20111010,-0.004027399007893444
20111011,-0.0012875321345863506
20111012,-0.002700169073297599
20111013,-0.0041200135042238255
20111014,-0.0035744209251851434
20111015,-0.0042257955635903064
20111016,-0.004491202965576001
20111017,-0.004281822035663636
20111018,-0.0034713225934091666
20111019,-0.004616184700992396
20111020,-0.004511219182826184
20111021,-0.004453420218898485
20111022,-0.004329187862577391
20111023,-0.004479683242284517
20111024,-0.003937655813626876
20111025,-0.004380872603936443
20111026,-0.0045451977220635756
20111027,-0.004709999781117633
20111028,-0.004507123709407812
20111029,-0.00487538829298615
20111030,-0.0034165367985224114
20111031,-0.003661848249599505
20111101,-0.0029822616925017195
20111102,-0.0033618820124982404
20111103,-0.004085672358110918
20111104,-0.0039515315601409175
20111105,-0.0034447414245754367
20111106,-0.004008779394035797
20111107,-0.0012012063125193119
20111108,-0.0038540899665158797
20111109,-0.004196899350163628
20111110,-0.0040352792318797915
20111111,-0.0035649094069833387
20111112,-0.0035821244683911743
20111113,-0.0036483891764545143
20111114,-0.0018939245720679385
20111115,-0.0034892402020530932
20111116,-0.003937818287336382
20111117,-0.004361244449013737
20111118,-0.003933812454372933
20111119,-0.003847160631436888
20111120,-0.003667521062774618
20111121,-0.0037526722415800132
20111122,-0.003644732424130129
20111123,-0.003987675813458936
20111124,-0.0038299673647722047
20111125,-0.0038314112123840863
20111126,-0.003691019021243727
20111127,-0.0034628236121361173
20111128,-0.0037558733053044114
20111129,-0.004179860147136847
20111130,-0.0033688053939897058
20111201,-0.0022593178874024075
20111202,-0.00378618010894267
20111203,-0.0031161980201977295
20111204,-0.0027929317197949236
20111205,-0.0032349915823563363
20111206,-0.002067600000021237
20111207,-0.002328302831682261
20111208,-0.001476428643212675
20111209,-0.003069829207833197
20111210,-0.0040398969711297
20111211,-0.0036830159543831164
20111212,-0.003730867779166074
20111213,-0.0037906918085386363
20111214,-0.0035278846663607056
20111215,-0.003919433215118995
20111216,-0.002269619188632938
20111217,-0.004152995158088458
20111218,-0.003694470211035839
20111219,-0.004097060919745857
20111220,-0.0036173245671573245
20111221,-0.004229349205783996
20111222,-0.0038442938295159016
20111223,-0.003170890447723756
20111224,-0.004079937176497116
20111225,-0.0011061883221588345
20111226,-0.0015686066421491615
20111227,-0.003610814202051459
20111228,-0.003868830450271462
20111229,-0.003615916712938045
20111230,-0.0032249602869745676
20111231,-0.003208587247356732
20120101,-0.0032114674524892687
20120102,-0.0035289415847256853
20120103,-0.003252833739805036
20120104,-0.0022430126621966573
20120105,-0.002766166410334282
20120106,-0.00404652273133534
20120107,-0.0037497987603499925
20120108,-0.002086148429729559
20120109,-0.002861876597589879
20120110,-0.0037875517992286265
20120111,-0.0038525290850428126
20120112,-0.0034812184454490564
20120113,-0.0032812118054444885
20120114,-0.001537090797571817
20120115,-0.003233356383344939
20120116,-0.003415349929668782
20120117,-0.003576779013332917
20120118,-0.003623443035262594
20120119,-0.0038819242231254067
20120120,-0.00406019256696766
20120121,-0.003788345117575007
20120122,-0.003252574069510862
20120123,-0.004004272972313645
20120124,-0.003573570768594205
20120125,-0.0029007655061738893
20120126,-0.0036202278822184235
20120127,-0.0031338987263123497
20120128,-0.004163174625973781
20120129,-0.0038415866701600587
20120130,-0.004359645332201431
20120131,-0.004578687166318897
20120201,-0.004293435419333253
20120202,-0.004215379171185335
20120203,-0.0033671995407905868
20120204,-0.003783263975831755
20120205,-0.0018794763641414203
20120206,-0.002983791251729421
20120207,-0.004574133867760465
20120208,-0.003894116366139862
20120209,-0.004114537672416423
20120210,-0.002726846701070726
20120211,-0.0028089555473188696
20120212,-0.002544115457832488
20120213,-0.0032421357021603066
20120214,-0.003376143987197163
20120215,-0.001787789526153551
20120216,-0.0024109665731865387
20120217,-0.0033035100236872
20120218,-0.004064747938205535
20120219,-0.0033337301117484703
20120220,-0.003231535057826526
20120221,-0.003482536379712893
20120222,-0.0037883053778080076
20120223,-0.004220616036265452
20120224,-0.00416921790017558
20120225,-0.004341005064263072
20120226,-0.0040307328054484184
20120227,-0.003176248072134454
20120228,-0.0038049648357058514
20120229,-0.003969205429606866
20120301,-0.003914023356851757
20120302,-0.005320556212037836
20120303,-0.004590170665406025
20120304,-0.003413391769352548
20120305,-0.004086966808550335
20120306,-0.004092600570353412
20120307,-0.004071830255963979
20120308,-0.004492221860406901
20120309,-0.004893811439988803
20120310,-0.004744509223482766
20120311,-0.004265977308625729
20120312,-0.0044014396405062
20120313,-0.004116163802847482
20120314,-0.0046518246654166
20120315,-0.004937002423999937
20120316,-0.004296577668236067
20120317,-0.0025934998028349825
20120318,-0.002842048560444728
20120319,-0.00439982326534171
20120320,-0.0047038177234721805
20120321,-0.004180334385640265
20120322,-0.004365487662498425
20120323,-0.0039847644458396786
20120324,-0.003913407084288226
20120325,-0.004418119030817322
20120326,-0.003897046535406489
20120327,-0.0029644377753647866
20120328,-0.004149223185311474
20120329,-0.003778148028177714
20120330,-0.00442924863716292
20120331,-0.0049544504870744875
20120401,-0.004600801275782074
20120402,-0.004177723897661293
20120403,-0.004799529702123156
20120404,-0.00516793120565454
20120405,-0.004807161658030803
20120406,-0.00431838353162817
20120407,-0.004883439655288463
20120408,-0.003955311085769695
20120409,-0.003936796863903168
20120410,-0.0037034666782007645
20120411,-0.004180868644214761
20120412,-0.004104879191068165
20120413,-0.005215807883697188
20120414,-0.004413014346163751
20120415,-0.0043997144718671225
20120416,-0.0038274945664207635
20120417,-0.004808505136134169
20120418,-0.004530946072702012
20120419,-0.004982021308893973
20120420,-0.004638097122764571
20120421,-0.003718574117238237
20120422,-0.004098411163520207
20120423,-0.004351032291472202
20120424,-0.0041359146397469525
20120425,-0.005011136720949823
20120426,-0.004447258846406818
20120427,-0.005134537036708061
20120428,-0.0044671560629014175
20120429,-0.003972630686628885
20120430,-0.003665483075657774
20120501,-0.00417219345788325
20120502,-0.004140988467129647
20120503,-0.004584383972278203
20120504,-0.004536797261192657
20120505,-0.0046860362739413845
20120506,-0.004836961651700728
20120507,-0.004601052725823186
20120508,-0.0035121606270898512
20120509,-0.003477243992343434
20120510,-0.0035225613319773332
20120511,-0.0036879536706199523
20120512,-0.0038327955904972743
20120513,-0.0038211930151241494
20120514,-0.004096073294747821
20120515,-0.0042798455279501445
20120516,-0.0042134957331372725
20120517,-0.0041211721874965
20120518,-0.003976152879087129
20120519,-0.0038810926433780458
20120520,-0.0039434878516101035
20120521,-0.003946330623162781
20120522,-0.003683059726274498
20120523,-0.004392658851913608
20120524,-0.004138267804320621
20120525,-0.00250275462421426
20120526,-0.004438529445663954
20120527,-0.004733717001989288
20120528,-0.0037197129814057644
20120529,-0.003860859663418138
20120530,-0.003498430154898586
20120531,-0.0035291596036866437
20120601,-0.0036071083927474786
20120602,-0.004722048858039695
20120603,-0.00417657470798591
20120604,-0.004124428122126196
20120605,-0.0036756526947884704
20120606,-0.00365134554467995
20120607,-0.004344073532781754
20120608,-0.004123052931426788
20120609,-0.004693982576779252
20120610,-0.003905767847665863
20120611,-0.003904879538550509
20120612,-0.0033926184045157976
20120613,-0.002832404381186636
20120614,-0.004612730925499288
20120615,-0.0036560806524567257
20120616,-0.00205343243816653
20120617,-0.004457129308689892
20120618,-0.004828794499608062
20120619,-0.005213917284167855
20120620,-0.004604913577367447
20120621,-0.0027584155715053636
20120622,-0.004928759021090776
20120623,-0.004436525726358713
20120624,-0.004304618289460436
20120625,-0.003543553541509941
20120626,-0.003618656677497516
20120627,-0.0040631441510437655
20120628,-0.0040781664491852995
20120629,-0.0030229270060361225
20120630,-0.004768617233081714
20120701,-0.0036362585596538266
20120702,-0.00315946488419509
20120703,-0.004361957109194643
20120704,-0.0039750491697473295
20120705,-0.00336961171442432
20120706,-0.0038151110860286767
20120707,-0.0038384232300574263
20120708,-0.00312568279088228
20120709,-0.003624955525186194
20120710,-0.0037281058842678614
20120711,-0.0037444993215014796
20120712,-0.004231664128812871
20120713,-0.003509884309913478
20120714,-0.0029233458426258245
20120715,-0.004313138421148548
20120716,-0.004912093486194112
20120717,-0.004559410160983464
20120718,-0.003904091797749801
20120719,-0.003934581227001433
20120720,-0.004041094432213615
20120721,-0.003540409913418116
20120722,-0.004668116580551341
20120723,-0.00405855833274451
20120724,-0.003919554772712202
20120725,-0.0021800300349888047
20120726,-0.0021761045260853683
20120727,-0.0020133009800578816
20120728,-0.003560881215650292
20120729,-0.004424403581184594
20120730,-0.004255120750528716
20120731,-0.004925967350434044
20120801,-0.0052855724135383725
20120802,-0.00516645374740517
20120803,-0.0041910537239573855
20120804,-0.004349422398677731
20120805,-0.004683250988746381
20120806,-0.004296523307621876
20120807,-0.004088346201536112
20120808,-0.0049707892900683085
20120809,-0.00481033517258007
20120810,-0.004772697856789653
20120811,-0.0042700308852108
20120812,-0.004664236972196868
20120813,-0.004356172752894604
20120814,-0.004743482824014282
20120815,-0.004738105628811488
20120816,-0.00457605491312978
20120817,-0.0029047567954916423
20120818,-0.003977239900352788
20120819,-0.004200864553692444
20120820,-0.004668082167936865
20120821,-0.004742069060134316
20120822,-0.003912740052332853
20120823,-0.0036300649485467985
20120824,-0.004134796934910019
20120825,-0.004449600883349451
20120826,-0.0046024912309560765
20120827,-0.004692561155989733
20120828,-0.0041811702794962375
20120829,-0.003836141801336747
20120830,-0.00459346677959305
20120831,-0.0035116032498859777
20120901,-0.0026940250942036822
20120902,-0.003279060109095995
20120903,-0.004544136961108316
20120904,-0.002371288379684795
20120905,-0.003948308535486237
20120906,-0.004627722068104999
20120907,-0.004120852926783423
20120908,-0.003577855661668127
20120909,-0.004101573469787624
20120910,-0.0031300994272848905
20120911,-0.002299713507596517
20120912,-0.002912307970448356
20120913,-0.003923486165007899
20120914,-0.005034598749326361
20120915,-0.00415171460470027
20120916,-0.004494086836189541
20120917,-0.004307877889362408
20120918,-0.004080678398637896
20120919,-0.0024078816195567186
20120920,-0.003990221885972836
20120921,-0.004558138812514993
20120922,-0.0033867196226521528
20120923,-0.0021481874751528613
20120924,-0.0021042456207278817
20120925,-0.0045596704134438365
20120926,-0.0039048128037103857
20120927,-0.004179990350098648
20120928,-0.004161189592796378
20120929,-0.003904449575975656
20120930,-0.004575498635643747
20121001,-0.004076665004080136
20121002,-0.0040701836966326125
20121003,-0.004875166948265461
20121004,-0.0032175648953781375
20121005,-0.0032043616940060442
20121006,-0.003603584437801719
20121007,-0.004535640408931886
20121008,-0.003779081198983759
20121009,-0.003957847142145347
20121010,-0.0036574795800500283
20121011,-0.004005274045859859
20121012,-0.004199439012275929
20121013,-0.0043634378898960114
20121014,-0.0037149965336375347
20121015,-0.004599547811309109
20121016,-0.0040564835360690325
20121017,-0.004147280017058787
20121018,-0.004587393661009308
20121019,-0.003922444778208176
20121020,-0.0034634938159858525
20121021,-0.003470292313685053
20121022,-0.0037045425430724775
20121023,-0.0029770551937415546
20121024,-0.002524923924099746
20121025,-0.002148281859343484
20121026,-0.0040428444772930795
20121027,-0.0039141555265922185
20121028,-0.003871303125487283
20121029,-0.004354144492226298
20121030,-0.0038103500730109407
20121031,-0.0034618494243654893
20121101,-0.00439884333285996
20121102,-0.004352032868714845
20121103,-0.003897363477957837
20121104,-0.003637967838757538
20121105,-0.003424834435669742
20121106,-0.003756552313717465
20121107,-0.003456385130694465
20121108,-0.002489042292742894
20121109,-0.0042789821749600766
20121110,-0.004195435588445834
20121111,-0.0021490687015459824
20121112,-0.003034884518641428
20121113,-0.004183573239148298
20121114,-0.003623745995839199
20121115,-0.0035687179690396293
20121116,-0.0038994846863063593
20121117,-0.003933796070068106
20121118,-0.00414633482254653
20121119,-0.003430299062208469
20121120,-0.00200115008200457
20121121,-0.0038209910687715034
20121122,-0.004093891411160573
20121123,-0.0040825086598924
20121124,-0.0039756269101976095
20121125,-0.004095469913725427
20121126,-0.004070335723376903
20121127,-0.0037937893624229832
20121128,-0.0039988388299849725
20121129,-0.0038898088230052363
20121130,-0.0037502900368131696
20121201,-0.003812740355623127
20121202,-0.004486045634544107
20121203,-0.003675898652057456
20121204,-0.001516294507219629
20121205,-0.00331073252104608
20121206,-0.003863761222001695
20121207,-0.0021862084107593317
20121208,-0.0036361504044183615
20121209,-0.003748053842706711
20121210,-0.003917817468251933
20121211,-0.0037255060089045958
20121212,-0.00395069837057309
20121213,-0.004545405201590259
20121214,-0.004324020161934508
20121215,-0.0034216082456831024
20121216,-0.0042033678804182335
20121217,-0.0036832844201540294
20121218,-0.0035721763511064562
20121219,-0.0038880179975792684
20121220,-0.002524049512346253
20121221,-0.0033189348476638453
20121222,-0.002558066572848077
20121223,-0.003483477257171095
20121224,-0.002542205779443626
20121225,-0.0018790686721675612
20121226,-0.002523514775822706
20121227,-0.0034906149156856267
20121228,-0.004031719945609809
20121229,-0.004191241914065673
20121230,-0.003631853597801918
